0,1,61,-0.001953,-1.000000
2,3,62,-0.001953,-1.000000
4,5,61,-0.003906,-1.000000
6,7,61,-0.001953,-1.000000
8,9,60,-0.001953,-1.000000
10,11,62,-0.001953,-1.000000
12,13,60,-0.001953,-1.000000
14,15,62,-0.001953,-1.000000
16,17,62,-0.001953,-1.000000
18,19,61,-0.003906,-1.000000
20,21,63,-0.001953,-1.000000
22,23,63,-0.003906,-1.000000
24,25,60,-0.003906,-1.000000
26,27,62,-0.001953,-1.000000
28,29,63,-0.005859,-1.000000
30,31,63,-0.003906,-1.000000
32,33,61,-0.003906,-1.000000
34,35,63,-0.005859,-1.000000
36,37,60,-0.003906,-1.000000
38,39,61,-0.005859,-1.000000
40,41,63,-0.005859,-1.000000
42,43,63,-0.005859,-1.000000
44,45,63,-0.007812,-1.000000
46,47,62,-0.003906,-1.000000
48,49,62,-0.005859,-1.000000
50,51,61,-0.002930,-1.000000
52,53,62,-0.005859,-1.000000
54,55,62,-0.005859,-1.000000
56,57,60,-0.005859,-1.000000
58,59,62,-0.005859,-1.000000
60,61,62,-0.005859,-1.000000
62,63,60,-0.005859,-1.000000
64,65,63,-0.007812,-1.000000
66,67,62,-0.007812,-1.000000
68,69,63,-0.007812,-1.000000
70,71,63,-0.009766,-1.000000
72,73,63,-0.005580,-1.000000
74,75,60,-0.004688,-1.000000
76,77,60,-0.002930,-1.000000
78,79,61,-0.003906,-1.000000
80,81,63,-0.002930,-1.000000
82,83,62,-0.003906,-1.000000
84,85,61,-0.007812,-1.000000
86,87,62,-0.007812,-1.000000
88,89,63,-0.007812,-1.000000
90,91,60,-0.009766,-1.000000
92,93,61,-0.007812,-1.000000
94,95,60,-0.007812,-1.000000
96,97,61,-0.006510,-1.000000
98,99,62,-0.001953,-1.000000
100,101,63,-0.001953,-1.000000
102,103,61,-0.003906,-1.000000
104,105,62,-0.001953,-1.000000
106,107,63,-0.003906,-1.000000
108,109,60,-0.001953,-1.000000
110,111,63,-0.001953,-1.000000
112,113,61,-0.001953,-1.000000
114,115,62,-0.003906,-1.000000
116,117,61,-0.005859,-1.000000
118,119,63,-0.003906,-1.000000
120,121,62,-0.003906,-1.000000
122,123,63,-0.003906,-1.000000
124,125,62,-0.005859,-1.000000
126,127,61,-0.003906,-1.000000
128,129,61,-0.005859,-1.000000
130,131,61,-0.003906,-1.000000
132,133,61,-0.007812,-1.000000
134,135,60,-0.007812,-1.000000
136,137,60,-0.001953,-1.000000
138,139,62,-0.005859,-1.000000
140,141,61,-0.002604,-1.000000
142,143,60,-0.002930,-1.000000
144,145,61,-0.003906,-1.000000
146,147,60,-0.004688,-1.000000
148,149,62,-0.004688,-1.000000
150,151,60,-0.002604,-1.000000
152,153,63,-0.005859,-1.000000
154,155,63,-0.005859,-1.000000
156,157,62,-0.005859,-1.000000
158,159,60,-0.005859,-1.000000
160,161,63,-0.004688,-1.000000
162,163,63,-0.005859,-1.000000
164,165,60,-0.005859,-1.000000
166,167,63,-0.007812,-1.000000
168,169,61,-0.005859,-1.000000
170,171,62,-0.007812,-1.000000
172,173,62,-0.009766,-1.000000
174,175,62,-0.011719,-1.000000
176,177,60,-0.005859,-1.000000
178,179,62,-0.007812,-1.000000
180,181,60,-0.005859,-1.000000
182,183,63,-0.007812,-1.000000
184,185,60,-0.004687,-1.000000
186,187,62,-0.003906,-1.000000
188,189,63,-0.009766,-1.000000
190,191,62,-0.008371,-1.000000
192,193,63,-0.002604,-1.000000
194,195,60,-0.002441,-1.000000
196,197,60,-0.007812,-1.000000
198,199,61,-0.005859,-1.000000
200,201,62,-0.009766,-1.000000
202,203,60,-0.009766,-1.000000
204,205,62,-0.003551,-1.000000
206,207,61,-0.002930,-1.000000
208,209,63,-0.009766,-1.000000
210,211,60,-0.009766,-1.000000
212,213,63,-0.009766,-1.000000
214,215,62,-0.009766,-1.000000
216,217,63,-0.006510,-1.000000
218,219,61,-0.005859,-1.000000
220,221,61,-0.007812,-1.000000
222,223,63,-0.004688,-1.000000
224,225,60,-0.009766,-1.000000
226,227,63,-0.011719,-1.000000
228,229,61,-0.011719,-1.000000
230,231,60,-0.006510,-1.000000
232,233,63,-0.005859,-1.000000
234,235,61,-0.011719,-1.000000
236,237,63,-0.006510,-1.000000
238,239,63,-0.003906,-1.000000
240,241,61,-0.008371,-1.000000
242,243,62,-0.009766,-1.000000
244,245,62,-0.008371,-1.000000
246,247,61,-0.011719,-1.000000
248,249,62,-0.011719,-1.000000
250,251,60,-0.007324,-1.000000
252,253,61,-0.007324,-1.000000
254,255,60,-0.009766,-1.000000
256,257,63,-0.011719,-1.000000
258,259,63,-0.011719,-1.000000
260,261,63,-0.013672,-1.000000
262,263,62,-0.010254,-1.000000
264,265,62,-0.013672,-1.000000
266,267,60,-0.013672,-1.000000
268,269,61,-0.013672,-1.000000
270,271,63,-0.006032,-1.000000
272,273,63,-0.015625,-1.000000
274,275,63,-0.015625,-1.000000
276,277,61,-0.009766,-1.000000
278,279,63,-0.009375,-1.000000
280,281,60,-0.015625,-1.000000
282,283,61,-0.011719,-1.000000
284,285,60,-0.004797,-1.000000
286,287,62,-0.015625,-1.000000
288,289,60,-0.010938,-1.000000
290,291,63,-0.013672,-1.000000
292,293,62,-0.004272,-1.000000
294,295,60,-0.015625,-1.000000
296,297,62,-0.007813,-1.000000
298,299,62,-0.015625,-1.000000
300,301,62,-0.006334,-1.000000
302,303,60,-0.017578,-1.000000
304,305,61,-0.006696,-1.000000
306,307,62,-0.007324,-1.000000
308,309,60,-0.006334,-1.000000
310,311,60,-0.013672,-1.000000
312,313,60,-0.019531,-1.000000
314,315,63,-0.002972,-1.000000
316,317,60,-0.009375,-1.000000
318,319,63,-0.012153,-1.000000
320,321,62,-0.010938,-1.000000
322,323,60,-0.021484,-1.000000
324,325,61,-0.013672,-1.000000
326,327,62,-0.013672,-1.000000
328,329,60,-0.012153,-1.000000
330,331,61,-0.004207,-1.000000
332,333,61,-0.015625,-1.000000
334,335,61,-0.007457,-1.000000
336,337,62,-0.004051,-1.000000
338,339,62,-0.017578,-1.000000
340,341,63,-0.017578,-1.000000
342,343,61,-0.009115,-1.000000
344,345,63,-0.004434,-1.000000
346,347,61,-0.007073,-1.000000
348,349,62,-0.010148,-1.000000
350,351,63,-0.015625,-1.000000
352,353,60,-0.014874,-1.000000
354,355,62,-0.017578,-1.000000
356,357,63,-0.015625,-1.000000
358,359,61,-0.015625,-1.000000
360,361,63,-0.007631,-1.000000
362,363,63,-0.019531,-1.000000
364,365,60,-0.023438,-1.000000
366,367,61,-0.007238,-1.000000
368,369,62,-0.019531,-1.000000
370,371,63,-0.019531,-1.000000
372,373,63,-0.021484,-1.000000
374,375,62,-0.021484,-1.000000
376,377,60,-0.006270,-1.000000
378,379,60,-0.021484,-1.000000
380,381,62,-0.017578,-1.000000
382,383,61,-0.017904,-1.000000
384,385,63,-0.023438,-1.000000
386,387,62,-0.023438,-1.000000
388,389,60,-0.019531,-1.000000
390,391,62,-0.008870,-1.000000
392,393,61,-0.014648,-1.000000
394,395,63,-0.013021,-1.000000
396,397,62,-0.021484,-1.000000
398,399,62,-0.003670,-1.000000
400,401,63,-0.015531,-1.000000
402,403,62,-0.025391,-1.000000
404,405,63,-0.019531,-1.000000
406,407,60,-0.008162,-1.000000
408,409,62,-0.016429,-1.000000
410,411,61,-0.015625,-1.000000
412,413,61,-0.017578,-1.000000
414,415,63,-0.010404,-1.000000
416,417,63,-0.019832,-1.000000
418,419,60,-0.016270,-1.000000
420,421,61,-0.007742,-1.000000
422,423,60,-0.010683,-1.000000
424,425,61,-0.019531,-1.000000
426,427,60,-0.004618,-1.000000
428,429,63,-0.019832,-1.000000
430,431,60,-0.006884,-1.000000
432,433,62,-0.021484,-1.000000
434,435,62,-0.020313,-1.000000
436,437,61,-0.021484,-1.000000
438,439,62,-0.018415,-1.000000
440,441,60,-0.017366,-1.000000
442,443,61,-0.006906,-1.000000
444,445,62,-0.027344,-1.000000
446,447,62,-0.022217,-1.000000
448,449,61,-0.023438,-1.000000
450,451,62,-0.008317,-1.000000
452,453,62,-0.019043,-1.000000
454,455,61,-0.019043,-1.000000
456,457,62,-0.005568,-1.000000
458,459,62,-0.027344,-1.000000
460,461,61,-0.008839,-1.000000
462,463,62,-0.022217,-1.000000
464,465,61,-0.027344,-1.000000
466,467,63,-0.004474,-1.000000
468,469,62,-0.009069,-1.000000
470,471,61,-0.015165,-1.000000
472,473,62,-0.027344,-1.000000
474,475,61,-0.023438,-1.000000
476,477,62,-0.029297,-1.000000
478,479,60,-0.024127,-1.000000
480,481,63,-0.006651,-1.000000
482,483,61,-0.018075,-1.000000
484,485,62,-0.006099,-1.000000
486,487,60,-0.008949,-1.000000
488,489,61,-0.013713,-1.000000
490,491,61,-0.018415,-1.000000
492,493,60,-0.011604,-1.000000
494,495,63,-0.005859,-1.000000
496,497,61,-0.025391,-1.000000
498,499,60,-0.027344,-1.000000
500,501,62,-0.031250,-1.000000
502,503,60,-0.008047,-1.000000
504,505,62,-0.012620,-1.000000
506,507,61,-0.008029,-1.000000
508,509,61,-0.023438,-1.000000
510,511,60,-0.009823,-1.000000
512,513,62,-0.033203,-1.000000
514,515,63,-0.022403,-1.000000
516,517,60,-0.027574,-1.000000
518,519,63,-0.007690,-1.000000
520,521,60,-0.013092,-1.000000
522,523,62,-0.014918,-1.000000
524,525,60,-0.006678,-1.000000
526,527,60,-0.009642,-1.000000
528,529,60,-0.007574,-1.000000
530,531,63,-0.010845,-1.000000
532,533,61,-0.025391,-1.000000
534,535,61,-0.005024,-1.000000
536,537,62,-0.005310,-1.000000
538,539,61,-0.007891,-1.000000
540,541,63,-0.013383,-1.000000
542,543,61,-0.025391,-1.000000
544,545,63,-0.017879,-1.000000
546,547,62,-0.019823,-1.000000
548,549,62,-0.006374,-1.000000
550,551,60,-0.007680,-1.000000
552,553,61,-0.007873,-1.000000
554,555,62,-0.006304,-1.000000
556,557,61,-0.014935,-1.000000
558,559,61,-0.005432,-1.000000
560,561,61,-0.027344,-1.000000
562,563,62,-0.013694,-1.000000
564,565,62,-0.035156,-1.000000
566,567,63,-0.010404,-1.000000
568,569,61,-0.008096,-1.000000
570,571,63,-0.019896,-1.000000
572,573,63,-0.024306,-1.000000
574,575,62,-0.037109,-1.000000
576,577,60,-0.006189,-1.000000
578,579,60,-0.005777,-1.000000
580,581,63,-0.024306,-1.000000
582,583,63,-0.015382,-1.000000
584,585,62,-0.025635,-1.000000
586,587,62,-0.010829,-1.000000
588,589,63,-0.017956,-1.000000
590,591,60,-0.007452,-1.000000
592,593,63,-0.027429,-1.000000
594,595,62,-0.018111,-1.000000
596,597,63,-0.026213,-1.000000
598,599,60,-0.018487,-1.000000
600,601,63,-0.026213,-1.000000
602,603,63,-0.012475,-1.000000
604,605,62,-0.010336,-1.000000
606,607,62,-0.029297,-1.000000
608,609,63,-0.019648,-1.000000
610,611,63,-0.023365,-1.000000
612,613,63,-0.024202,-1.000000
614,615,63,-0.026213,-1.000000
616,617,61,-0.025234,-1.000000
618,619,62,-0.006032,-1.000000
620,621,62,-0.011422,-1.000000
622,623,60,-0.005170,-1.000000
624,625,61,-0.019531,-1.000000
626,627,63,-0.006214,-1.000000
628,629,63,-0.003301,-1.000000
630,631,63,-0.023438,-1.000000
632,633,62,-0.005470,-1.000000
634,635,60,-0.014648,-1.000000
636,637,60,-0.021484,-1.000000
638,639,63,-0.018415,-1.000000
640,641,60,-0.009766,-1.000000
642,643,60,-0.014648,-1.000000
644,645,62,-0.018415,-1.000000
646,647,61,-0.021484,-1.000000
648,649,62,-0.019832,-1.000000
650,651,60,-0.006461,-1.000000
652,653,62,-0.023438,-1.000000
654,655,60,-0.013569,-1.000000
656,657,61,-0.025391,-1.000000
658,659,60,-0.025391,-1.000000
660,661,60,-0.023438,-1.000000
662,663,61,-0.008541,-1.000000
664,665,61,-0.004889,-1.000000
666,667,60,-0.007307,-1.000000
668,669,61,-0.009823,-1.000000
670,671,61,-0.013300,-1.000000
672,673,60,-0.025391,-1.000000
674,675,63,-0.008684,-1.000000
676,677,62,-0.033203,-1.000000
678,679,60,-0.006352,-1.000000
680,681,62,-0.025391,-1.000000
682,683,62,-0.020554,-1.000000
684,685,63,-0.025391,-1.000000
686,687,61,-0.023438,-1.000000
688,689,61,-0.027344,-1.000000
690,691,62,-0.035156,-1.000000
692,693,61,-0.016036,-1.000000
694,695,62,-0.027344,-1.000000
696,697,62,-0.006779,-1.000000
698,699,61,-0.006813,-1.000000
700,701,60,-0.009684,-1.000000
702,703,60,-0.019043,-1.000000
704,705,61,-0.029297,-1.000000
706,707,61,-0.025391,-1.000000
708,709,63,-0.014950,-1.000000
710,711,63,-0.019748,-1.000000
712,713,63,-0.007812,-1.000000
714,715,61,-0.007240,-1.000000
716,717,63,-0.010045,-1.000000
718,719,62,-0.020045,-1.000000
720,721,63,-0.006215,-1.000000
722,723,60,-0.007595,-1.000000
724,725,63,-0.013021,-1.000000
726,727,60,-0.012143,-1.000000
728,729,61,-0.027344,-1.000000
730,731,61,-0.009440,-1.000000
732,733,63,-0.018930,-1.000000
734,735,60,-0.010337,-1.000000
736,737,62,-0.006992,-1.000000
738,739,61,-0.009462,-1.000000
740,741,62,-0.022786,-1.000000
742,743,62,-0.029297,-1.000000
744,745,60,-0.014359,-1.000000
746,747,62,-0.010158,-1.000000
748,749,61,-0.031250,-1.000000
750,751,63,-0.005827,-1.000000
752,753,62,-0.020989,-1.000000
754,755,62,-0.020089,-1.000000
756,757,63,-0.018229,-1.000000
758,759,62,-0.029297,-1.000000
760,761,62,-0.021635,-1.000000
762,763,63,-0.015789,-1.000000
764,765,60,-0.011070,-1.000000
766,767,62,-0.031250,-1.000000
768,769,63,-0.014583,-1.000000
770,771,63,-0.019043,-1.000000
772,773,60,-0.008594,-1.000000
774,775,61,-0.015625,-1.000000
776,777,61,-0.009536,-1.000000
778,779,60,-0.010723,-1.000000
780,781,62,-0.025568,-1.000000
782,783,61,-0.033203,-1.000000
784,785,61,-0.029297,-1.000000
786,787,62,-0.033203,-1.000000
788,789,62,-0.018398,-1.000000
790,791,60,-0.015568,-1.000000
792,793,63,-0.019922,-1.000000
794,795,63,-0.025298,-1.000000
796,797,62,-0.020591,-1.000000
798,799,61,-0.012670,-1.000000
800,801,63,-0.025391,-1.000000
802,803,60,-0.024394,-1.000000
804,805,61,-0.031250,-1.000000
806,807,61,-0.033203,-1.000000
808,809,62,-0.035156,-1.000000
810,811,61,-0.016741,-1.000000
812,813,62,-0.013962,-1.000000
814,815,62,-0.011021,-1.000000
816,817,62,-0.006399,-1.000000
818,819,63,-0.009157,-1.000000
820,821,60,-0.009786,-1.000000
822,823,63,-0.008427,-1.000000
824,825,63,-0.011220,-1.000000
826,827,62,-0.027166,-1.000000
828,829,60,-0.013318,-1.000000
830,831,60,-0.015455,-1.000000
832,833,63,-0.033203,-1.000000
834,835,62,-0.015179,-1.000000
836,837,62,-0.022447,-1.000000
838,839,62,-0.035156,-1.000000
840,841,60,-0.017656,-1.000000
842,843,61,-0.004467,-1.000000
844,845,63,-0.035156,-1.000000
846,847,60,-0.027344,-1.000000
848,849,61,-0.017104,-1.000000
850,851,62,-0.027166,-1.000000
852,853,61,-0.022811,-1.000000
854,855,60,-0.021537,-1.000000
856,857,61,-0.035156,-1.000000
858,859,62,-0.005512,-1.000000
860,861,63,-0.016406,-1.000000
862,863,62,-0.035156,-1.000000
864,865,63,-0.010110,-1.000000
866,867,63,-0.008382,-1.000000
868,869,61,-0.037109,-1.000000
870,871,60,-0.029297,-1.000000
872,873,61,-0.012805,-1.000000
874,875,63,-0.007522,-1.000000
876,877,62,-0.035156,-1.000000
878,879,62,-0.020609,-1.000000
880,881,60,-0.010558,-1.000000
882,883,62,-0.009273,-1.000000
884,885,60,-0.007480,-1.000000
886,887,60,-0.010124,-1.000000
888,889,63,-0.018677,-1.000000
890,891,63,-0.037109,-1.000000
892,893,60,-0.016857,-1.000000
894,895,61,-0.039062,-1.000000
896,897,62,-0.016955,-1.000000
898,899,62,-0.024902,-1.000000
900,901,60,-0.020089,-1.000000
902,903,60,-0.006985,-1.000000
904,905,63,-0.037109,-1.000000
906,907,60,-0.012460,-1.000000
908,909,63,-0.039062,-1.000000
910,911,63,-0.013220,-1.000000
912,913,61,-0.041016,-1.000000
914,915,63,-0.017873,-1.000000
916,917,60,-0.022486,-1.000000
918,919,60,-0.031250,-1.000000
920,921,63,-0.017777,-1.000000
922,923,61,-0.008201,-1.000000
924,925,62,-0.005917,-1.000000
926,927,62,-0.033398,-1.000000
928,929,61,-0.039062,-1.000000
930,931,60,-0.025991,-1.000000
932,933,61,-0.014465,-1.000000
934,935,61,-0.032269,-1.000000
936,937,61,-0.010442,-1.000000
938,939,63,-0.009883,-1.000000
940,941,63,-0.017361,-1.000000
942,943,61,-0.042969,-1.000000
944,945,63,-0.020318,-1.000000
946,947,63,-0.021349,-1.000000
948,949,60,-0.010776,-1.000000
950,951,63,-0.013122,-1.000000
952,953,63,-0.041016,-1.000000
954,955,63,-0.005263,-1.000000
956,957,60,-0.014062,-1.000000
958,959,63,-0.042969,-1.000000
960,961,60,-0.030924,-1.000000
962,963,61,-0.023062,-1.000000
964,965,61,-0.010101,-1.000000
966,967,62,-0.035342,-1.000000
968,969,60,-0.020172,-1.000000
970,971,62,-0.033736,-1.000000
972,973,62,-0.006498,-1.000000
974,975,63,-0.021366,-1.000000
976,977,62,-0.039062,-1.000000
978,979,60,-0.012805,-1.000000
980,981,61,-0.010875,-1.000000
982,983,60,-0.008008,-1.000000
984,985,61,-0.006630,-1.000000
986,987,62,-0.010024,-1.000000
988,989,60,-0.034706,-1.000000
990,991,63,-0.025433,-1.000000
992,993,61,-0.014277,-1.000000
994,995,60,-0.017361,-1.000000
996,997,63,-0.013221,-1.000000
998,999,62,-0.013055,-1.000000
1000,1001,62,-0.035342,-1.000000
1002,1003,63,-0.021973,-1.000000
1004,1005,61,-0.009382,-1.000000
1006,1007,60,-0.009708,-1.000000
1008,1009,63,-0.029883,-1.000000
1010,1011,63,-0.030692,-1.000000
1012,1013,61,-0.014880,-1.000000
1014,1015,61,-0.012166,-1.000000
1016,1017,60,-0.011555,-1.000000
1018,1019,62,-0.039062,-1.000000
1020,1021,60,-0.041016,-1.000000
1022,1023,63,-0.044922,-1.000000
1024,1025,62,-0.041016,-1.000000
1026,1027,60,-0.012965,-1.000000
1028,1029,60,-0.029883,-1.000000
1030,1031,63,-0.009842,-1.000000
1032,1033,61,-0.006836,-1.000000
1034,1035,60,-0.015136,-1.000000
1036,1037,63,-0.022643,-1.000000
1038,1039,60,-0.018336,-1.000000
1040,1041,63,-0.046875,-1.000000
1042,1043,63,-0.018264,-1.000000
1044,1045,61,-0.036830,-1.000000
1046,1047,60,-0.042969,-1.000000
1048,1049,60,-0.035156,-1.000000
1050,1051,61,-0.037177,-1.000000
1052,1053,61,-0.042969,-1.000000
1054,1055,60,-0.013424,-1.000000
1056,1057,62,-0.017962,-1.000000
1058,1059,60,-0.010271,-1.000000
1060,1061,62,-0.015395,-1.000000
1062,1063,61,-0.022693,-1.000000
1064,1065,62,-0.008452,-1.000000
1066,1067,63,-0.022748,-1.000000
1068,1069,62,-0.031115,-1.000000
1070,1071,61,-0.030431,-1.000000
1072,1073,60,-0.044922,-1.000000
1074,1075,60,-0.012980,-1.000000
1076,1077,60,-0.046875,-1.000000
1078,1079,60,-0.018982,-1.000000
1080,1081,63,-0.022532,-1.000000
1082,1083,60,-0.048828,-1.000000
1084,1085,60,-0.033159,-1.000000
1086,1087,60,-0.014551,-1.000000
1088,1089,61,-0.040409,-1.000000
1090,1091,61,-0.017303,-1.000000
1092,1093,63,-0.045072,-1.000000
1094,1095,63,-0.025056,-1.000000
1096,1097,62,-0.032813,-1.000000
1098,1099,62,-0.036830,-1.000000
1100,1101,60,-0.050781,-1.000000
1102,1103,63,-0.047020,-1.000000
1104,1105,63,-0.026720,-1.000000
1106,1107,61,-0.044922,-1.000000
1108,1109,62,-0.038726,-1.000000
1110,1111,60,-0.020648,-1.000000
1112,1113,60,-0.026350,-1.000000
1114,1115,60,-0.052734,-1.000000
1116,1117,60,-0.016859,-1.000000
1118,1119,62,-0.034652,-1.000000
1120,1121,63,-0.048828,-1.000000
1122,1123,60,-0.008659,-1.000000
1124,1125,60,-0.032169,-1.000000
1126,1127,63,-0.050781,-1.000000
1128,1129,62,-0.043403,-1.000000
1130,1131,63,-0.052734,-1.000000
1132,1133,63,-0.054688,-1.000000
1134,1135,62,-0.048828,-1.000000
1136,1137,61,-0.037177,-1.000000
1138,1139,62,-0.035358,-1.000000
1140,1141,63,-0.012620,-1.000000
1142,1143,60,-0.021496,-1.000000
1144,1145,60,-0.025548,-1.000000
1146,1147,61,-0.023254,-1.000000
1148,1149,61,-0.043403,-1.000000
1150,1151,62,-0.050781,-1.000000
1152,1153,62,-0.052734,-1.000000
1154,1155,62,-0.038365,-1.000000
1156,1157,62,-0.041594,-1.000000
1158,1159,63,-0.025036,-1.000000
1160,1161,63,-0.031263,-1.000000
1162,1163,62,-0.015707,-1.000000
1164,1165,63,-0.049219,-1.000000
1166,1167,63,-0.005420,-1.000000
1168,1169,62,-0.054688,-1.000000
1170,1171,63,-0.043039,-1.000000
1172,1173,63,-0.056641,-1.000000
1174,1175,63,-0.058594,-1.000000
1176,1177,61,-0.013151,-1.000000
1178,1179,62,-0.005336,-1.000000
1180,1181,63,-0.060547,-1.000000
1182,1183,63,-0.062500,-1.000000
1184,1185,61,-0.025092,-1.000000
1186,1187,62,-0.018898,-1.000000
1188,1189,63,-0.014130,-1.000000
1190,1191,60,-0.028893,-1.000000
1192,1193,61,-0.039950,-1.000000
1194,1195,61,-0.033854,-1.000000
1196,1197,63,-0.010405,-1.000000
1198,1199,61,-0.007951,-1.000000
1200,1201,63,-0.027763,-1.000000
1202,1203,63,-0.016466,-1.000000
1204,1205,61,-0.045703,-1.000000
1206,1207,62,-0.056641,-1.000000
1208,1209,60,-0.015655,-1.000000
1210,1211,61,-0.052734,-1.000000
1212,1213,62,-0.036499,-1.000000
1214,1215,61,-0.008092,-1.000000
1216,1217,61,-0.012881,-1.000000
1218,1219,62,-0.010604,-1.000000
1220,1221,63,-0.064453,-1.000000
1222,1223,60,-0.028283,-1.000000
1224,1225,63,-0.025924,-1.000000
1226,1227,60,-0.054688,-1.000000
1228,1229,63,-0.036219,-1.000000
1230,1231,60,-0.056641,-1.000000
1232,1233,63,-0.006129,-1.000000
1234,1235,62,-0.058594,-1.000000
1236,1237,63,-0.030767,-1.000000
1238,1239,62,-0.040625,-1.000000
1240,1241,61,-0.010036,-1.000000
1242,1243,61,-0.017680,-1.000000
1244,1245,60,-0.058594,-1.000000
1246,1247,60,-0.060547,-1.000000
1248,1249,63,-0.014384,-1.000000
1250,1251,62,-0.043527,-1.000000
1252,1253,60,-0.025389,-1.000000
1254,1255,60,-0.022952,-1.000000
1256,1257,62,-0.011497,-1.000000
1258,1259,62,-0.060547,-1.000000
1260,1261,63,-0.007313,-1.000000
1262,1263,63,-0.038018,-1.000000
1264,1265,63,-0.028207,-1.000000
1266,1267,60,-0.062500,-1.000000
1268,1269,63,-0.006587,-1.000000
1270,1271,62,-0.017857,-1.000000
1272,1273,62,-0.042528,-1.000000
1274,1275,63,-0.005183,-1.000000
1276,1277,61,-0.009117,-1.000000
1278,1279,62,-0.009179,-1.000000
1280,1281,63,-0.066406,-1.000000
1282,1283,60,-0.029714,-1.000000
1284,1285,61,-0.013086,-1.000000
1286,1287,61,-0.012943,-1.000000
1288,1289,63,-0.018179,-1.000000
1290,1291,61,-0.017269,-1.000000
1292,1293,62,-0.047279,-1.000000
1294,1295,60,-0.026124,-1.000000
1296,1297,60,-0.027511,-1.000000
1298,1299,62,-0.052734,-1.000000
1300,1301,63,-0.031291,-1.000000
1302,1303,62,-0.016825,-1.000000
1304,1305,61,-0.035689,-1.000000
1306,1307,63,-0.006209,-1.000000
1308,1309,61,-0.034659,-1.000000
1310,1311,62,-0.014348,-1.000000
1312,1313,61,-0.014146,-1.000000
1314,1315,62,-0.062500,-1.000000
1316,1317,62,-0.054688,-1.000000
1318,1319,62,-0.056641,-1.000000
1320,1321,63,-0.026857,-1.000000
1322,1323,60,-0.027968,-1.000000
1324,1325,60,-0.016362,-1.000000
1326,1327,61,-0.036424,-1.000000
1328,1329,62,-0.064453,-1.000000
1330,1331,60,-0.064453,-1.000000
1332,1333,62,-0.014046,-1.000000
1334,1335,61,-0.011489,-1.000000
1336,1337,61,-0.014548,-1.000000
1338,1339,62,-0.042422,-1.000000
1340,1341,62,-0.013395,-1.000000
1342,1343,63,-0.036810,-1.000000
1344,1345,63,-0.068359,-1.000000
1346,1347,63,-0.035896,-1.000000
1348,1349,61,-0.010427,-1.000000
1350,1351,63,-0.009574,-1.000000
1352,1353,63,-0.070312,-1.000000
1354,1355,61,-0.011542,-1.000000
1356,1357,61,-0.037598,-1.000000
1358,1359,62,-0.017478,-1.000000
1360,1361,62,-0.066406,-1.000000
1362,1363,63,-0.007223,-1.000000
1364,1365,61,-0.017638,-1.000000
1366,1367,60,-0.066406,-1.000000
1368,1369,62,-0.006293,-1.000000
1370,1371,61,-0.041536,-1.000000
1372,1373,60,-0.013629,-1.000000
1374,1375,63,-0.072266,-1.000000
1376,1377,60,-0.018709,-1.000000
1378,1379,60,-0.025770,-1.000000
1380,1381,61,-0.036914,-1.000000
1382,1383,62,-0.017191,-1.000000
1384,1385,62,-0.041820,-1.000000
1386,1387,60,-0.019362,-1.000000
1388,1389,62,-0.018828,-1.000000
1390,1391,61,-0.045313,-1.000000
1392,1393,63,-0.016539,-1.000000
1394,1395,60,-0.012853,-1.000000
1396,1397,61,-0.056641,-1.000000
1398,1399,62,-0.039302,-1.000000
1400,1401,63,-0.039302,-1.000000
1402,1403,61,-0.021985,-1.000000
1404,1405,61,-0.034356,-1.000000
1406,1407,61,-0.015583,-1.000000
1408,1409,60,-0.019879,-1.000000
1410,1411,63,-0.009699,-1.000000
1412,1413,61,-0.046038,-1.000000
1414,1415,62,-0.011977,-1.000000
1416,1417,63,-0.037379,-1.000000
1418,1419,62,-0.006594,-1.000000
1420,1421,60,-0.015698,-1.000000
1422,1423,62,-0.058594,-1.000000
1424,1425,62,-0.019026,-1.000000
1426,1427,62,-0.060547,-1.000000
1428,1429,60,-0.018762,-1.000000
1430,1431,61,-0.017842,-1.000000
1432,1433,63,-0.011838,-1.000000
1434,1435,63,-0.074219,-1.000000
1436,1437,62,-0.062500,-1.000000
1438,1439,62,-0.019002,-1.000000
1440,1441,61,-0.017377,-1.000000
1442,1443,60,-0.068359,-1.000000
1444,1445,63,-0.014615,-1.000000
1446,1447,61,-0.013564,-1.000000
1448,1449,61,-0.016050,-1.000000
1450,1451,60,-0.021265,-1.000000
1452,1453,63,-0.019639,-1.000000
1454,1455,61,-0.059038,-1.000000
1456,1457,63,-0.076172,-1.000000
1458,1459,62,-0.020536,-1.000000
1460,1461,63,-0.078125,-1.000000
1462,1463,63,-0.008185,-1.000000
1464,1465,62,-0.068359,-1.000000
1466,1467,60,-0.039296,-1.000000
1468,1469,63,-0.015968,-1.000000
1470,1471,60,-0.026786,-1.000000
1472,1473,63,-0.019531,-1.000000
1474,1475,60,-0.070312,-1.000000
1476,1477,61,-0.062840,-1.000000
1478,1479,61,-0.013951,-1.000000
1480,1481,62,-0.057813,-1.000000
1482,1483,62,-0.064453,-1.000000
1484,1485,61,-0.052098,-1.000000
1486,1487,61,-0.055060,-1.000000
1488,1489,61,-0.018659,-1.000000
1490,1491,60,-0.072266,-1.000000
1492,1493,62,-0.072266,-1.000000
1494,1495,61,-0.008976,-1.000000
1496,1497,60,-0.022295,-1.000000
1498,1499,62,-0.066406,-1.000000
1500,1501,61,-0.022607,-1.000000
1502,1503,62,-0.029602,-1.000000
1504,1505,62,-0.015005,-1.000000
1506,1507,61,-0.020788,-1.000000
1508,1509,60,-0.022261,-1.000000
1510,1511,63,-0.080078,-1.000000
1512,1513,60,-0.025338,-1.000000
1514,1515,61,-0.010527,-1.000000
1516,1517,62,-0.074219,-1.000000
1518,1519,63,-0.019101,-1.000000
1520,1521,62,-0.030677,-1.000000
1522,1523,62,-0.024264,-1.000000
1524,1525,61,-0.058165,-1.000000
1526,1527,60,-0.014100,-1.000000
1528,1529,60,-0.016956,-1.000000
1530,1531,62,-0.076172,-1.000000
1532,1533,60,-0.024236,-1.000000
1534,1535,60,-0.074219,-1.000000
1536,1537,61,-0.061426,-1.000000
1538,1539,63,-0.019040,-1.000000
1540,1541,63,-0.006792,-1.000000
1542,1543,60,-0.019616,-1.000000
1544,1545,60,-0.040307,-1.000000
1546,1547,63,-0.082031,-1.000000
1548,1549,60,-0.021720,-1.000000
1550,1551,63,-0.022637,-1.000000
1552,1553,62,-0.027113,-1.000000
1554,1555,62,-0.018615,-1.000000
1556,1557,60,-0.076172,-1.000000
1558,1559,63,-0.010719,-1.000000
1560,1561,61,-0.064854,-1.000000
1562,1563,61,-0.016107,-1.000000
1564,1565,62,-0.078125,-1.000000
1566,1567,63,-0.007620,-1.000000
1568,1569,61,-0.033910,-1.000000
1570,1571,63,-0.008630,-1.000000
1572,1573,63,-0.021332,-1.000000
1574,1575,62,-0.068359,-1.000000
1576,1577,61,-0.005832,-1.000000
1578,1579,62,-0.025852,-1.000000
1580,1581,61,-0.068462,-1.000000
1582,1583,62,-0.006781,-1.000000
1584,1585,60,-0.078125,-1.000000
1586,1587,60,-0.080078,-1.000000
1588,1589,60,-0.031102,-1.000000
1590,1591,63,-0.083984,-1.000000
1592,1593,62,-0.029260,-1.000000
1594,1595,62,-0.080078,-1.000000
1596,1597,60,-0.005922,-1.000000
1598,1599,60,-0.082031,-1.000000
1600,1601,61,-0.014082,-1.000000
1602,1603,63,-0.011388,-1.000000
1604,1605,60,-0.011516,-1.000000
1606,1607,62,-0.012119,-1.000000
1608,1609,61,-0.035369,-1.000000
1610,1611,60,-0.025401,-1.000000
1612,1613,60,-0.024127,-1.000000
1614,1615,63,-0.018991,-1.000000
1616,1617,63,-0.011353,-1.000000
1618,1619,62,-0.025365,-1.000000
1620,1621,62,-0.009267,-1.000000
1622,1623,63,-0.009002,-1.000000
1624,1625,62,-0.008367,-1.000000
1626,1627,60,-0.023142,-1.000000
1628,1629,61,-0.020065,-1.000000
1630,1631,63,-0.085938,-1.000000
1632,1633,63,-0.087891,-1.000000
1634,1635,60,-0.018879,-1.000000
1636,1637,63,-0.089844,-1.000000
1638,1639,60,-0.014371,-1.000000
1640,1641,63,-0.025412,-1.000000
1642,1643,62,-0.070312,-1.000000
1644,1645,61,-0.017496,-1.000000
1646,1647,63,-0.013469,-1.000000
1648,1649,61,-0.016013,-1.000000
1650,1651,62,-0.031372,-1.000000
1652,1653,63,-0.091797,-1.000000
1654,1655,63,-0.016015,-1.000000
1656,1657,62,-0.017888,-1.000000
1658,1659,62,-0.082031,-1.000000
1660,1661,60,-0.015113,-1.000000
1662,1663,62,-0.026963,-1.000000
1664,1665,60,-0.021226,-1.000000
1666,1667,62,-0.032665,-1.000000
1668,1669,62,-0.072266,-1.000000
1670,1671,61,-0.070413,-1.000000
1672,1673,60,-0.028125,-1.000000
1674,1675,62,-0.040720,-1.000000
1676,1677,61,-0.023557,-1.000000
1678,1679,60,-0.019244,-1.000000
1680,1681,62,-0.083984,-1.000000
1682,1683,61,-0.041607,-1.000000
1684,1685,61,-0.012961,-1.000000
1686,1687,62,-0.011052,-1.000000
1688,1689,63,-0.018735,-1.000000
1690,1691,61,-0.031646,-1.000000
1692,1693,63,-0.021875,-1.000000
1694,1695,63,-0.014110,-1.000000
1696,1697,63,-0.012866,-1.000000
1698,1699,60,-0.027344,-1.000000
1700,1701,60,-0.020663,-1.000000
1702,1703,60,-0.083984,-1.000000
1704,1705,60,-0.022365,-1.000000
1706,1707,63,-0.015726,-1.000000
1708,1709,63,-0.021835,-1.000000
1710,1711,60,-0.015000,-1.000000
1712,1713,62,-0.043331,-1.000000
1714,1715,62,-0.032235,-1.000000
1716,1717,63,-0.093750,-1.000000
1718,1719,62,-0.053673,-1.000000
1720,1721,61,-0.017283,-1.000000
1722,1723,63,-0.017234,-1.000000
1724,1725,62,-0.074219,-1.000000
1726,1727,62,-0.076172,-1.000000
1728,1729,60,-0.014329,-1.000000
1730,1731,63,-0.019155,-1.000000
1732,1733,60,-0.024350,-1.000000
1734,1735,62,-0.009688,-1.000000
1736,1737,63,-0.023121,-1.000000
1738,1739,63,-0.023354,-1.000000
1740,1741,63,-0.015297,-1.000000
1742,1743,61,-0.022808,-1.000000
1744,1745,62,-0.026004,-1.000000
1746,1747,63,-0.095703,-1.000000
1748,1749,62,-0.078125,-1.000000
1750,1751,61,-0.026327,-1.000000
1752,1753,61,-0.074219,-1.000000
1754,1755,61,-0.028394,-1.000000
1756,1757,63,-0.031901,-1.000000
1758,1759,61,-0.017377,-1.000000
1760,1761,61,-0.008922,-1.000000
1762,1763,60,-0.022466,-1.000000
1764,1765,63,-0.022659,-1.000000
1766,1767,63,-0.027670,-1.000000
1768,1769,63,-0.034112,-1.000000
1770,1771,63,-0.015896,-1.000000
1772,1773,60,-0.032067,-1.000000
1774,1775,63,-0.042222,-1.000000
1776,1777,60,-0.025913,-1.000000
1778,1779,63,-0.025674,-1.000000
1780,1781,61,-0.020717,-1.000000
1782,1783,63,-0.033645,-1.000000
1784,1785,63,-0.036036,-1.000000
1786,1787,62,-0.080078,-1.000000
1788,1789,61,-0.043219,-1.000000
1790,1791,61,-0.076172,-1.000000
1792,1793,61,-0.051688,-1.000000
1794,1795,61,-0.020033,-1.000000
1796,1797,61,-0.021758,-1.000000
1798,1799,61,-0.011200,-1.000000
1800,1801,63,-0.018704,-1.000000
1802,1803,63,-0.044678,-1.000000
1804,1805,61,-0.012913,-1.000000
1806,1807,62,-0.020543,-1.000000
1808,1809,60,-0.012212,-1.000000
1810,1811,63,-0.033682,-1.000000
1812,1813,60,-0.035848,-1.000000
1814,1815,62,-0.082031,-1.000000
1816,1817,61,-0.022815,-1.000000
1818,1819,62,-0.048067,-1.000000
1820,1821,62,-0.038916,-1.000000
1822,1823,62,-0.083984,-1.000000
1824,1825,61,-0.015475,-1.000000
1826,1827,62,-0.018785,-1.000000
1828,1829,60,-0.021941,-1.000000
1830,1831,62,-0.041531,-1.000000
1832,1833,61,-0.078125,-1.000000
1834,1835,63,-0.097656,-1.000000
1836,1837,63,-0.019252,-1.000000
1838,1839,61,-0.031322,-1.000000
1840,1841,61,-0.016040,-1.000000
1842,1843,62,-0.085938,-1.000000
1844,1845,61,-0.022068,-1.000000
1846,1847,62,-0.054378,-1.000000
1848,1849,63,-0.011077,-1.000000
1850,1851,61,-0.022815,-1.000000
1852,1853,63,-0.013651,-1.000000
1854,1855,63,-0.010055,-1.000000
1856,1857,62,-0.066978,-1.000000
1858,1859,63,-0.032034,-1.000000
1860,1861,62,-0.034104,-1.000000
1862,1863,62,-0.012454,-1.000000
1864,1865,60,-0.027387,-1.000000
1866,1867,61,-0.052798,-1.000000
1868,1869,62,-0.068917,-1.000000
1870,1871,60,-0.029660,-1.000000
1872,1873,63,-0.060086,-1.000000
1874,1875,63,-0.020706,-1.000000
1876,1877,61,-0.031588,-1.000000
1878,1879,61,-0.037651,-1.000000
1880,1881,60,-0.009106,-1.000000
1882,1883,60,-0.021694,-1.000000
1884,1885,60,-0.012923,-1.000000
1886,1887,62,-0.024444,-1.000000
1888,1889,63,-0.022766,-1.000000
1890,1891,63,-0.038545,-1.000000
1892,1893,62,-0.087891,-1.000000
1894,1895,63,-0.016207,-1.000000
1896,1897,61,-0.068183,-1.000000
1898,1899,62,-0.062730,-1.000000
1900,1901,62,-0.008524,-1.000000
1902,1903,60,-0.023803,-1.000000
1904,1905,62,-0.027532,-1.000000
1906,1907,62,-0.020145,-1.000000
1908,1909,61,-0.058390,-1.000000
1910,1911,61,-0.026128,-1.000000
1912,1913,60,-0.085938,-1.000000
1914,1915,63,-0.018014,-1.000000
1916,1917,60,-0.028066,-1.000000
1918,1919,61,-0.031475,-1.000000
1920,1921,60,-0.028817,-1.000000
1922,1923,60,-0.040784,-1.000000
1924,1925,63,-0.099609,-1.000000
1926,1927,60,-0.087891,-1.000000
1928,1929,63,-0.016508,-1.000000
1930,1931,63,-0.010036,-1.000000
1932,1933,60,-0.089844,-1.000000
1934,1935,60,-0.042208,-1.000000
1936,1937,60,-0.033931,-1.000000
1938,1939,60,-0.032327,-1.000000
1940,1941,63,-0.082281,-1.000000
1942,1943,60,-0.021040,-1.000000
1944,1945,60,-0.036704,-1.000000
1946,1947,60,-0.019238,-1.000000
1948,1949,63,-0.012023,-1.000000
1950,1951,61,-0.017691,-1.000000
1952,1953,60,-0.024170,-1.000000
1954,1955,60,-0.010157,-1.000000
1956,1957,63,-0.014724,-1.000000
1958,1959,61,-0.025747,-1.000000
1960,1961,62,-0.087891,-1.000000
1962,1963,62,-0.080566,-1.000000
1964,1965,62,-0.010809,-1.000000
1966,1967,62,-0.046875,-1.000000
1968,1969,62,-0.089844,-1.000000
1970,1971,62,-0.048483,-1.000000
1972,1973,63,-0.016961,-1.000000
1974,1975,62,-0.082510,-1.000000
1976,1977,62,-0.089844,-1.000000
1978,1979,63,-0.025344,-1.000000
1980,1981,63,-0.016585,-1.000000
1982,1983,63,-0.018338,-1.000000
1984,1985,60,-0.029873,-1.000000
1986,1987,63,-0.101562,-1.000000
1988,1989,63,-0.021431,-1.000000
1990,1991,61,-0.012473,-1.000000
1992,1993,60,-0.012587,-1.000000
1994,1995,63,-0.030638,-1.000000
1996,1997,61,-0.016411,-1.000000
1998,1999,62,-0.013421,-1.000000
2000,2001,62,-0.016263,-1.000000
2002,2003,63,-0.019197,-1.000000
2004,2005,63,-0.012543,-1.000000
2006,2007,60,-0.031955,-1.000000
2008,2009,62,-0.091797,-1.000000
2010,2011,63,-0.022531,-1.000000
2012,2013,63,-0.026341,-1.000000
2014,2015,63,-0.019189,-1.000000
2016,2017,60,-0.010845,-1.000000
2018,2019,62,-0.051950,-1.000000
2020,2021,61,-0.073115,-1.000000
2022,2023,61,-0.013722,-1.000000
2024,2025,61,-0.031394,-1.000000
2026,2027,61,-0.019055,-1.000000
2028,2029,63,-0.031717,-1.000000
2030,2031,62,-0.014125,-1.000000
2032,2033,63,-0.034935,-1.000000
2034,2035,61,-0.035108,-1.000000
2036,2037,61,-0.038748,-1.000000
2038,2039,63,-0.022723,-1.000000
2040,2041,61,-0.082031,-1.000000
2042,2043,60,-0.021707,-1.000000
2044,2045,61,-0.083984,-1.000000
2046,2047,62,-0.048029,-1.000000
2048,2049,61,-0.020365,-1.000000
2050,2051,60,-0.036532,-1.000000
2052,2053,60,-0.091797,-1.000000
2054,2055,60,-0.013493,-1.000000
2056,2057,62,-0.093750,-1.000000
2058,2059,62,-0.093750,-1.000000
2060,2061,61,-0.024792,-1.000000
2062,2063,61,-0.039892,-1.000000
2064,2065,60,-0.035399,-1.000000
2066,2067,63,-0.033221,-1.000000
2068,2069,62,-0.047475,-1.000000
2070,2071,61,-0.039128,-1.000000
2072,2073,60,-0.013720,-1.000000
2074,2075,62,-0.063859,-1.000000
2076,2077,61,-0.095703,-1.000000
2078,2079,61,-0.022108,-1.000000
2080,2081,60,-0.018674,-1.000000
2082,2083,60,-0.031087,-1.000000
2084,2085,60,-0.091797,-1.000000
2086,2087,61,-0.085938,-1.000000
2088,2089,62,-0.030212,-1.000000
2090,2091,60,-0.093750,-1.000000
2092,2093,63,-0.103516,-1.000000
2094,2095,62,-0.009789,-1.000000
2096,2097,62,-0.047303,-1.000000
2098,2099,60,-0.020739,-1.000000
2100,2101,60,-0.095703,-1.000000
2102,2103,60,-0.023059,-1.000000
2104,2105,62,-0.014282,-1.000000
2106,2107,63,-0.050118,-1.000000
2108,2109,60,-0.011451,-1.000000
2110,2111,63,-0.020516,-1.000000
2112,2113,61,-0.028646,-1.000000
2114,2115,61,-0.025981,-1.000000
2116,2117,63,-0.027893,-1.000000
2118,2119,61,-0.087891,-1.000000
2120,2121,61,-0.024806,-1.000000
2122,2123,63,-0.105469,-1.000000
2124,2125,62,-0.086675,-1.000000
2126,2127,61,-0.028521,-1.000000
2128,2129,63,-0.013718,-1.000000
2130,2131,62,-0.095703,-1.000000
2132,2133,62,-0.095703,-1.000000
2134,2135,62,-0.017450,-1.000000
2136,2137,63,-0.026048,-1.000000
2138,2139,62,-0.044095,-1.000000
2140,2141,60,-0.034987,-1.000000
2142,2143,62,-0.060444,-1.000000
2144,2145,61,-0.089844,-1.000000
2146,2147,61,-0.025670,-1.000000
2148,2149,62,-0.028356,-1.000000
2150,2151,62,-0.057641,-1.000000
2152,2153,61,-0.038700,-1.000000
2154,2155,61,-0.046842,-1.000000
2156,2157,61,-0.043797,-1.000000
2158,2159,61,-0.013812,-1.000000
2160,2161,61,-0.030731,-1.000000
2162,2163,62,-0.097656,-1.000000
2164,2165,63,-0.107422,-1.000000
2166,2167,61,-0.091797,-1.000000
2168,2169,61,-0.039029,-1.000000
2170,2171,60,-0.019441,-1.000000
2172,2173,60,-0.016839,-1.000000
2174,2175,62,-0.099609,-1.000000
2176,2177,61,-0.027478,-1.000000
2178,2179,60,-0.013792,-1.000000
2180,2181,60,-0.097656,-1.000000
2182,2183,61,-0.028832,-1.000000
2184,2185,60,-0.023176,-1.000000
2186,2187,62,-0.017906,-1.000000
2188,2189,62,-0.018651,-1.000000
2190,2191,60,-0.044807,-1.000000
2192,2193,60,-0.053288,-1.000000
2194,2195,60,-0.020557,-1.000000
2196,2197,60,-0.025092,-1.000000
2198,2199,62,-0.097656,-1.000000
2200,2201,62,-0.016291,-1.000000
2202,2203,62,-0.099609,-1.000000
2204,2205,62,-0.016410,-1.000000
2206,2207,62,-0.068226,-1.000000
2208,2209,61,-0.030607,-1.000000
2210,2211,60,-0.085870,-1.000000
2212,2213,63,-0.015443,-1.000000
2214,2215,62,-0.053370,-1.000000
2216,2217,63,-0.019454,-1.000000
2218,2219,61,-0.024380,-1.000000
2220,2221,60,-0.026889,-1.000000
2222,2223,62,-0.019197,-1.000000
2224,2225,62,-0.101562,-1.000000
2226,2227,63,-0.021817,-1.000000
2228,2229,61,-0.020290,-1.000000
2230,2231,60,-0.025177,-1.000000
2232,2233,60,-0.013138,-1.000000
2234,2235,60,-0.064299,-1.000000
2236,2237,62,-0.063345,-1.000000
2238,2239,62,-0.103516,-1.000000
2240,2241,62,-0.101562,-1.000000
2242,2243,62,-0.105469,-1.000000
2244,2245,60,-0.099609,-1.000000
2246,2247,63,-0.027569,-1.000000
2248,2249,62,-0.042932,-1.000000
2250,2251,63,-0.016883,-1.000000
2252,2253,61,-0.029347,-1.000000
2254,2255,60,-0.038907,-1.000000
2256,2257,61,-0.093750,-1.000000
2258,2259,62,-0.022539,-1.000000
2260,2261,60,-0.028916,-1.000000
2262,2263,63,-0.020898,-1.000000
2264,2265,63,-0.021875,-1.000000
2266,2267,62,-0.018492,-1.000000
2268,2269,61,-0.031438,-1.000000
2270,2271,62,-0.033816,-1.000000
2272,2273,60,-0.101562,-1.000000
2274,2275,61,-0.026628,-1.000000
2276,2277,60,-0.032046,-1.000000
2278,2279,63,-0.025278,-1.000000
2280,2281,60,-0.030933,-1.000000
2282,2283,61,-0.024397,-1.000000
2284,2285,61,-0.029519,-1.000000
2286,2287,62,-0.046997,-1.000000
2288,2289,62,-0.103516,-1.000000
2290,2291,63,-0.018787,-1.000000
2292,2293,61,-0.095703,-1.000000
2294,2295,61,-0.037208,-1.000000
2296,2297,62,-0.027352,-1.000000
2298,2299,63,-0.109375,-1.000000
2300,2301,61,-0.027495,-1.000000
2302,2303,62,-0.077180,-1.000000
2304,2305,62,-0.107422,-1.000000
2306,2307,60,-0.012358,-1.000000
2308,2309,63,-0.111328,-1.000000
2310,2311,62,-0.013315,-1.000000
2312,2313,61,-0.033720,-1.000000
2314,2315,62,-0.109375,-1.000000
2316,2317,62,-0.111328,-1.000000
2318,2319,61,-0.097656,-1.000000
2320,2321,60,-0.103516,-1.000000
2322,2323,62,-0.031996,-1.000000
2324,2325,63,-0.038170,-1.000000
2326,2327,63,-0.055041,-1.000000
2328,2329,60,-0.014276,-1.000000
2330,2331,61,-0.043495,-1.000000
2332,2333,62,-0.045858,-1.000000
2334,2335,62,-0.113281,-1.000000
2336,2337,61,-0.099609,-1.000000
2338,2339,61,-0.034530,-1.000000
2340,2341,62,-0.023401,-1.000000
2342,2343,61,-0.101562,-1.000000
2344,2345,60,-0.017418,-1.000000
2346,2347,62,-0.054932,-1.000000
2348,2349,61,-0.009042,-1.000000
2350,2351,61,-0.026464,-1.000000
2352,2353,62,-0.115234,-1.000000
2354,2355,63,-0.028162,-1.000000
2356,2357,63,-0.027818,-1.000000
2358,2359,60,-0.014715,-1.000000
2360,2361,62,-0.097656,-1.000000
2362,2363,63,-0.029637,-1.000000
2364,2365,62,-0.017612,-1.000000
2366,2367,60,-0.020943,-1.000000
2368,2369,60,-0.013916,-1.000000
2370,2371,63,-0.113281,-1.000000
2372,2373,60,-0.032779,-1.000000
2374,2375,60,-0.017159,-1.000000
2376,2377,61,-0.033876,-1.000000
2378,2379,63,-0.023338,-1.000000
2380,2381,62,-0.105469,-1.000000
2382,2383,60,-0.023374,-1.000000
2384,2385,60,-0.045917,-1.000000
2386,2387,61,-0.055819,-1.000000
2388,2389,63,-0.030586,-1.000000
2390,2391,60,-0.105469,-1.000000
2392,2393,62,-0.012413,-1.000000
2394,2395,61,-0.025321,-1.000000
2396,2397,62,-0.107422,-1.000000
2398,2399,62,-0.109375,-1.000000
2400,2401,62,-0.030541,-1.000000
2402,2403,60,-0.017130,-1.000000
2404,2405,63,-0.115234,-1.000000
2406,2407,61,-0.030133,-1.000000
2408,2409,63,-0.020983,-1.000000
2410,2411,63,-0.117188,-1.000000
2412,2413,63,-0.119141,-1.000000
2414,2415,63,-0.121094,-1.000000
2416,2417,63,-0.022006,-1.000000
2418,2419,63,-0.014487,-1.000000
2420,2421,61,-0.103516,-1.000000
2422,2423,62,-0.099609,-1.000000
2424,2425,61,-0.035050,-1.000000
2426,2427,61,-0.027945,-1.000000
2428,2429,62,-0.054276,-1.000000
2430,2431,62,-0.111328,-1.000000
2432,2433,63,-0.024405,-1.000000
2434,2435,63,-0.029112,-1.000000
2436,2437,62,-0.031576,-1.000000
2438,2439,61,-0.037747,-1.000000
2440,2441,61,-0.035255,-1.000000
2442,2443,62,-0.117188,-1.000000
2444,2445,60,-0.107422,-1.000000
2446,2447,60,-0.109375,-1.000000
2448,2449,60,-0.028714,-1.000000
2450,2451,61,-0.026498,-1.000000
2452,2453,63,-0.123047,-1.000000
2454,2455,61,-0.045469,-1.000000
2456,2457,63,-0.018573,-1.000000
2458,2459,61,-0.105469,-1.000000
2460,2461,62,-0.119141,-1.000000
2462,2463,60,-0.034486,-1.000000
2464,2465,60,-0.017355,-1.000000
2466,2467,60,-0.028290,-1.000000
2468,2469,63,-0.125000,-1.000000
2470,2471,60,-0.031855,-1.000000
2472,2473,60,-0.039925,-1.000000
2474,2475,62,-0.029349,-1.000000
2476,2477,62,-0.081558,-1.000000
2478,2479,62,-0.103516,-1.000000
2480,2481,63,-0.021358,-1.000000
2482,2483,61,-0.046875,-1.000000
2484,2485,63,-0.022603,-1.000000
2486,2487,61,-0.038524,-1.000000
2488,2489,60,-0.044812,-1.000000
2490,2491,62,-0.033576,-1.000000
2492,2493,63,-0.041651,-1.000000
2494,2495,63,-0.024620,-1.000000
2496,2497,63,-0.028038,-1.000000
2498,2499,60,-0.042990,-1.000000
2500,2501,62,-0.036446,-1.000000
2502,2503,63,-0.019201,-1.000000
2504,2505,62,-0.113281,-1.000000
2506,2507,60,-0.055887,-1.000000
2508,2509,63,-0.020833,-1.000000
2510,2511,62,-0.047339,-1.000000
2512,2513,61,-0.052202,-1.000000
2514,2515,61,-0.026734,-1.000000
2516,2517,63,-0.044406,-1.000000
2518,2519,63,-0.020695,-1.000000
2520,2521,60,-0.055557,-1.000000
2522,2523,61,-0.035963,-1.000000
2524,2525,61,-0.107422,-1.000000
2526,2527,60,-0.048120,-1.000000
2528,2529,60,-0.054690,-1.000000
2530,2531,62,-0.036342,-1.000000
2532,2533,63,-0.030753,-1.000000
2534,2535,63,-0.126953,-1.000000
2536,2537,62,-0.121094,-1.000000
2538,2539,62,-0.123047,-1.000000
2540,2541,62,-0.058259,-1.000000
2542,2543,62,-0.125000,-1.000000
2544,2545,62,-0.115234,-1.000000
2546,2547,61,-0.042904,-1.000000
2548,2549,63,-0.128906,-1.000000
2550,2551,62,-0.047954,-1.000000
2552,2553,60,-0.111328,-1.000000
2554,2555,60,-0.055880,-1.000000
2556,2557,62,-0.117188,-1.000000
2558,2559,62,-0.041539,-1.000000
2560,2561,62,-0.027883,-1.000000
2562,2563,61,-0.109375,-1.000000
2564,2565,61,-0.049716,-1.000000
2566,2567,60,-0.032959,-1.000000
2568,2569,63,-0.019807,-1.000000
2570,2571,63,-0.024145,-1.000000
2572,2573,61,-0.050685,-1.000000
2574,2575,62,-0.044107,-1.000000
2576,2577,63,-0.052261,-1.000000
2578,2579,63,-0.024402,-1.000000
2580,2581,61,-0.019618,-1.000000
2582,2583,61,-0.025862,-1.000000
2584,2585,63,-0.021376,-1.000000
2586,2587,63,-0.026736,-1.000000
2588,2589,61,-0.032249,-1.000000
2590,2591,62,-0.119141,-1.000000
2592,2593,60,-0.008838,-1.000000
2594,2595,63,-0.035865,-1.000000
2596,2597,60,-0.113281,-1.000000
2598,2599,60,-0.115234,-1.000000
2600,2601,62,-0.048666,-1.000000
2602,2603,61,-0.036422,-1.000000
2604,2605,61,-0.041593,-1.000000
2606,2607,60,-0.054652,-1.000000
2608,2609,63,-0.025658,-1.000000
2610,2611,61,-0.021347,-1.000000
2612,2613,61,-0.059539,-1.000000
2614,2615,62,-0.011066,-1.000000
2616,2617,62,-0.126953,-1.000000
2618,2619,62,-0.128906,-1.000000
2620,2621,63,-0.031941,-1.000000
2622,2623,60,-0.007449,-1.000000
2624,2625,61,-0.030837,-1.000000
2626,2627,60,-0.059824,-1.000000
2628,2629,62,-0.048238,-1.000000
2630,2631,61,-0.111328,-1.000000
2632,2633,61,-0.113281,-1.000000
2634,2635,63,-0.130859,-1.000000
2636,2637,60,-0.059642,-1.000000
2638,2639,61,-0.034272,-1.000000
2640,2641,63,-0.032365,-1.000000
2642,2643,63,-0.019475,-1.000000
2644,2645,60,-0.013166,-1.000000
2646,2647,60,-0.117188,-1.000000
2648,2649,62,-0.051928,-1.000000
2650,2651,62,-0.010308,-1.000000
2652,2653,61,-0.115234,-1.000000
2654,2655,63,-0.033019,-1.000000
2656,2657,63,-0.015594,-1.000000
2658,2659,60,-0.018126,-1.000000
2660,2661,60,-0.035160,-1.000000
2662,2663,63,-0.040444,-1.000000
2664,2665,62,-0.130859,-1.000000
2666,2667,62,-0.121094,-1.000000
2668,2669,61,-0.038649,-1.000000
2670,2671,63,-0.035533,-1.000000
2672,2673,62,-0.039338,-1.000000
2674,2675,62,-0.123047,-1.000000
2676,2677,60,-0.119141,-1.000000
2678,2679,61,-0.043974,-1.000000
2680,2681,62,-0.132812,-1.000000
2682,2683,62,-0.052865,-1.000000
2684,2685,62,-0.134766,-1.000000
2686,2687,61,-0.053162,-1.000000
2688,2689,60,-0.058511,-1.000000
2690,2691,63,-0.016567,-1.000000
2692,2693,63,-0.029266,-1.000000
2694,2695,63,-0.020942,-1.000000
2696,2697,61,-0.023786,-1.000000
2698,2699,60,-0.018362,-1.000000
2700,2701,61,-0.042502,-1.000000
2702,2703,60,-0.055572,-1.000000
2704,2705,63,-0.037651,-1.000000
2706,2707,60,-0.030595,-1.000000
2708,2709,62,-0.040364,-1.000000
2710,2711,63,-0.044665,-1.000000
2712,2713,60,-0.017067,-1.000000
2714,2715,62,-0.027850,-1.000000
2716,2717,61,-0.117188,-1.000000
2718,2719,61,-0.014869,-1.000000
2720,2721,60,-0.121094,-1.000000
2722,2723,63,-0.023011,-1.000000
2724,2725,61,-0.042514,-1.000000
2726,2727,60,-0.123047,-1.000000
2728,2729,62,-0.008543,-1.000000
2730,2731,62,-0.032179,-1.000000
2732,2733,60,-0.038353,-1.000000
2734,2735,62,-0.045492,-1.000000
2736,2737,62,-0.054269,-1.000000
2738,2739,60,-0.054776,-1.000000
2740,2741,61,-0.039297,-1.000000
2742,2743,63,-0.025069,-1.000000
2744,2745,62,-0.057656,-1.000000
2746,2747,61,-0.027911,-1.000000
2748,2749,62,-0.063943,-1.000000
2750,2751,60,-0.125000,-1.000000
2752,2753,61,-0.049648,-1.000000
2754,2755,60,-0.016964,-1.000000
2756,2757,60,-0.026500,-1.000000
2758,2759,63,-0.017469,-1.000000
2760,2761,63,-0.048343,-1.000000
2762,2763,62,-0.037213,-1.000000
2764,2765,60,-0.059954,-1.000000
2766,2767,61,-0.030409,-1.000000
2768,2769,60,-0.036821,-1.000000
2770,2771,61,-0.070801,-1.000000
2772,2773,61,-0.061794,-1.000000
2774,2775,61,-0.088642,-1.000000
2776,2777,63,-0.052522,-1.000000
2778,2779,60,-0.040898,-1.000000
2780,2781,62,-0.047655,-1.000000
2782,2783,61,-0.015063,-1.000000
2784,2785,60,-0.029582,-1.000000
2786,2787,61,-0.046392,-1.000000
2788,2789,62,-0.043429,-1.000000
2790,2791,63,-0.019544,-1.000000
2792,2793,62,-0.026886,-1.000000
2794,2795,62,-0.125000,-1.000000
2796,2797,63,-0.026295,-1.000000
2798,2799,61,-0.119141,-1.000000
2800,2801,61,-0.038315,-1.000000
2802,2803,62,-0.019730,-1.000000
2804,2805,62,-0.016782,-1.000000
2806,2807,62,-0.063128,-1.000000
2808,2809,61,-0.090487,-1.000000
2810,2811,61,-0.121094,-1.000000
2812,2813,63,-0.065478,-1.000000
2814,2815,60,-0.048933,-1.000000
2816,2817,61,-0.041304,-1.000000
2818,2819,61,-0.123047,-1.000000
2820,2821,63,-0.132812,-1.000000
2822,2823,60,-0.017750,-1.000000
2824,2825,60,-0.012365,-1.000000
2826,2827,60,-0.031314,-1.000000
2828,2829,63,-0.052268,-1.000000
2830,2831,62,-0.126953,-1.000000
2832,2833,62,-0.136719,-1.000000
2834,2835,63,-0.010236,-1.000000
2836,2837,60,-0.032097,-1.000000
2838,2839,61,-0.029056,-1.000000
2840,2841,61,-0.048563,-1.000000
2842,2843,63,-0.056898,-1.000000
2844,2845,63,-0.028936,-1.000000
2846,2847,61,-0.010423,-1.000000
2848,2849,60,-0.126953,-1.000000
2850,2851,63,-0.031942,-1.000000
2852,2853,61,-0.056166,-1.000000
2854,2855,63,-0.021677,-1.000000
2856,2857,61,-0.016281,-1.000000
2858,2859,60,-0.053477,-1.000000
2860,2861,62,-0.035020,-1.000000
2862,2863,60,-0.037020,-1.000000
2864,2865,60,-0.021052,-1.000000
2866,2867,60,-0.040115,-1.000000
2868,2869,61,-0.125000,-1.000000
2870,2871,61,-0.058027,-1.000000
2872,2873,63,-0.019790,-1.000000
2874,2875,60,-0.015768,-1.000000
2876,2877,61,-0.065752,-1.000000
2878,2879,61,-0.053929,-1.000000
2880,2881,60,-0.020116,-1.000000
2882,2883,60,-0.062668,-1.000000
2884,2885,61,-0.126953,-1.000000
2886,2887,63,-0.023761,-1.000000
2888,2889,62,-0.052256,-1.000000
2890,2891,61,-0.027750,-1.000000
2892,2893,62,-0.138672,-1.000000
2894,2895,62,-0.140625,-1.000000
2896,2897,60,-0.017598,-1.000000
2898,2899,62,-0.056077,-1.000000
2900,2901,61,-0.067902,-1.000000
2902,2903,61,-0.128906,-1.000000
2904,2905,61,-0.026961,-1.000000
2906,2907,62,-0.142578,-1.000000
2908,2909,61,-0.016308,-1.000000
2910,2911,63,-0.074275,-1.000000
2912,2913,62,-0.019169,-1.000000
2914,2915,62,-0.046600,-1.000000
2916,2917,63,-0.064331,-1.000000
2918,2919,60,-0.057931,-1.000000
2920,2921,61,-0.030830,-1.000000
2922,2923,61,-0.056283,-1.000000
2924,2925,62,-0.013528,-1.000000
2926,2927,61,-0.066025,-1.000000
2928,2929,61,-0.017165,-1.000000
2930,2931,63,-0.034834,-1.000000
2932,2933,61,-0.084529,-1.000000
2934,2935,63,-0.038737,-1.000000
2936,2937,60,-0.128906,-1.000000
2938,2939,60,-0.050238,-1.000000
2940,2941,61,-0.019075,-1.000000
2942,2943,60,-0.130859,-1.000000
2944,2945,62,-0.036278,-1.000000
2946,2947,62,-0.014896,-1.000000
2948,2949,63,-0.043446,-1.000000
2950,2951,60,-0.014530,-1.000000
2952,2953,63,-0.038223,-1.000000
2954,2955,61,-0.069469,-1.000000
2956,2957,61,-0.130859,-1.000000
2958,2959,62,-0.144531,-1.000000
2960,2961,62,-0.128906,-1.000000
2962,2963,62,-0.057283,-1.000000
2964,2965,62,-0.146484,-1.000000
2966,2967,60,-0.059586,-1.000000
2968,2969,62,-0.054667,-1.000000
2970,2971,61,-0.016606,-1.000000
2972,2973,61,-0.132812,-1.000000
2974,2975,60,-0.067709,-1.000000
2976,2977,62,-0.040793,-1.000000
2978,2979,60,-0.077978,-1.000000
2980,2981,60,-0.132812,-1.000000
2982,2983,62,-0.130859,-1.000000
2984,2985,61,-0.008592,-1.000000
2986,2987,63,-0.134766,-1.000000
2988,2989,61,-0.134766,-1.000000
2990,2991,61,-0.033463,-1.000000
2992,2993,61,-0.038510,-1.000000
2994,2995,62,-0.020193,-1.000000
2996,2997,63,-0.045340,-1.000000
2998,2999,63,-0.058484,-1.000000
3000,3001,60,-0.134766,-1.000000
3002,3003,60,-0.032126,-1.000000
3004,3005,63,-0.063426,-1.000000
3006,3007,62,-0.046078,-1.000000
3008,3009,63,-0.080365,-1.000000
3010,3011,62,-0.054419,-1.000000
3012,3013,62,-0.033866,-1.000000
3014,3015,60,-0.015006,-1.000000
3016,3017,60,-0.079508,-1.000000
3018,3019,63,-0.051456,-1.000000
3020,3021,63,-0.024497,-1.000000
3022,3023,60,-0.035871,-1.000000
3024,3025,62,-0.050124,-1.000000
3026,3027,62,-0.148438,-1.000000
3028,3029,61,-0.067383,-1.000000
3030,3031,62,-0.132812,-1.000000
3032,3033,63,-0.089844,-1.000000
3034,3035,63,-0.027526,-1.000000
3036,3037,63,-0.057886,-1.000000
3038,3039,62,-0.056283,-1.000000
3040,3041,62,-0.134766,-1.000000
3042,3043,61,-0.068435,-1.000000
3044,3045,61,-0.032166,-1.000000
3046,3047,63,-0.028359,-1.000000
3048,3049,62,-0.066025,-1.000000
3050,3051,63,-0.136719,-1.000000
3052,3053,62,-0.054502,-1.000000
3054,3055,62,-0.058426,-1.000000
3056,3057,60,-0.018297,-1.000000
3058,3059,63,-0.138672,-1.000000
3060,3061,63,-0.027396,-1.000000
3062,3063,63,-0.074243,-1.000000
3064,3065,60,-0.020259,-1.000000
3066,3067,63,-0.021314,-1.000000
3068,3069,62,-0.079327,-1.000000
3070,3071,63,-0.083703,-1.000000
3072,3073,62,-0.098575,-1.000000
3074,3075,62,-0.066385,-1.000000
3076,3077,60,-0.037184,-1.000000
3078,3079,63,-0.048943,-1.000000
3080,3081,61,-0.012766,-1.000000
3082,3083,60,-0.039162,-1.000000
3084,3085,63,-0.053974,-1.000000
3086,3087,62,-0.104057,-1.000000
3088,3089,62,-0.018108,-1.000000
3090,3091,62,-0.130859,-1.000000
3092,3093,61,-0.041155,-1.000000
3094,3095,63,-0.022564,-1.000000
3096,3097,60,-0.041698,-1.000000
3098,3099,61,-0.018496,-1.000000
3100,3101,62,-0.050793,-1.000000
3102,3103,62,-0.008759,-1.000000
3104,3105,61,-0.021295,-1.000000
3106,3107,62,-0.043893,-1.000000
3108,3109,62,-0.132812,-1.000000
3110,3111,61,-0.046293,-1.000000
3112,3113,63,-0.030276,-1.000000
3114,3115,63,-0.022357,-1.000000
3116,3117,61,-0.059758,-1.000000
3118,3119,63,-0.093363,-1.000000
3120,3121,62,-0.057152,-1.000000
3122,3123,62,-0.136719,-1.000000
3124,3125,60,-0.018930,-1.000000
3126,3127,63,-0.105147,-1.000000
3128,3129,62,-0.055227,-1.000000
3130,3131,61,-0.052680,-1.000000
3132,3133,60,-0.021975,-1.000000
3134,3135,63,-0.119840,-1.000000
3136,3137,60,-0.136719,-1.000000
3138,3139,63,-0.039771,-1.000000
3140,3141,61,-0.069318,-1.000000
3142,3143,62,-0.055086,-1.000000
3144,3145,60,-0.073208,-1.000000
3146,3147,61,-0.031919,-1.000000
3148,3149,61,-0.055380,-1.000000
3150,3151,63,-0.076554,-1.000000
3152,3153,61,-0.086405,-1.000000
3154,3155,61,-0.136719,-1.000000
3156,3157,63,-0.013216,-1.000000
3158,3159,60,-0.138672,-1.000000
3160,3161,60,-0.016251,-1.000000
3162,3163,61,-0.138672,-1.000000
3164,3165,61,-0.140625,-1.000000
3166,3167,62,-0.134766,-1.000000
3168,3169,63,-0.014674,-1.000000
3170,3171,62,-0.150391,-1.000000
3172,3173,61,-0.142578,-1.000000
3174,3175,61,-0.024612,-1.000000
3176,3177,62,-0.138672,-1.000000
3178,3179,60,-0.034608,-1.000000
3180,3181,62,-0.041770,-1.000000
3182,3183,61,-0.144531,-1.000000
3184,3185,62,-0.136719,-1.000000
3186,3187,63,-0.056613,-1.000000
3188,3189,63,-0.035891,-1.000000
3190,3191,62,-0.015299,-1.000000
3192,3193,62,-0.138672,-1.000000
3194,3195,63,-0.140625,-1.000000
3196,3197,60,-0.036121,-1.000000
3198,3199,61,-0.064682,-1.000000
3200,3201,63,-0.075091,-1.000000
3202,3203,61,-0.040379,-1.000000
3204,3205,63,-0.017558,-1.000000
3206,3207,60,-0.044516,-1.000000
3208,3209,61,-0.052765,-1.000000
3210,3211,63,-0.088494,-1.000000
3212,3213,60,-0.021872,-1.000000
3214,3215,62,-0.063286,-1.000000
3216,3217,63,-0.009389,-1.000000
3218,3219,61,-0.032970,-1.000000
3220,3221,60,-0.065395,-1.000000
3222,3223,62,-0.140625,-1.000000
3224,3225,63,-0.142578,-1.000000
3226,3227,61,-0.024188,-1.000000
3228,3229,63,-0.122210,-1.000000
3230,3231,63,-0.016318,-1.000000
3232,3233,61,-0.046634,-1.000000
3234,3235,62,-0.142578,-1.000000
3236,3237,63,-0.144531,-1.000000
3238,3239,63,-0.096591,-1.000000
3240,3241,60,-0.072893,-1.000000
3242,3243,62,-0.047449,-1.000000
3244,3245,62,-0.062438,-1.000000
3246,3247,62,-0.012107,-1.000000
3248,3249,62,-0.152344,-1.000000
3250,3251,60,-0.014119,-1.000000
3252,3253,62,-0.015983,-1.000000
3254,3255,63,-0.018535,-1.000000
3256,3257,61,-0.060947,-1.000000
3258,3259,61,-0.025601,-1.000000
3260,3261,62,-0.049133,-1.000000
3262,3263,62,-0.099493,-1.000000
3264,3265,60,-0.035630,-1.000000
3266,3267,60,-0.039627,-1.000000
3268,3269,62,-0.144531,-1.000000
3270,3271,62,-0.146484,-1.000000
3272,3273,63,-0.015282,-1.000000
3274,3275,63,-0.067107,-1.000000
3276,3277,60,-0.048005,-1.000000
3278,3279,62,-0.054725,-1.000000
3280,3281,63,-0.030900,-1.000000
3282,3283,62,-0.148438,-1.000000
3284,3285,63,-0.015883,-1.000000
3286,3287,63,-0.021089,-1.000000
3288,3289,62,-0.062275,-1.000000
3290,3291,60,-0.041528,-1.000000
3292,3293,60,-0.043240,-1.000000
3294,3295,60,-0.048867,-1.000000
3296,3297,63,-0.146484,-1.000000
3298,3299,63,-0.021293,-1.000000
3300,3301,61,-0.078246,-1.000000
3302,3303,63,-0.028622,-1.000000
3304,3305,62,-0.150391,-1.000000
3306,3307,61,-0.025643,-1.000000
3308,3309,60,-0.031463,-1.000000
3310,3311,60,-0.014865,-1.000000
3312,3313,63,-0.031087,-1.000000
3314,3315,63,-0.020255,-1.000000
3316,3317,60,-0.140625,-1.000000
3318,3319,62,-0.154297,-1.000000
3320,3321,61,-0.018759,-1.000000
3322,3323,61,-0.028198,-1.000000
3324,3325,61,-0.042965,-1.000000
3326,3327,61,-0.146484,-1.000000
3328,3329,60,-0.007915,-1.000000
3330,3331,61,-0.032534,-1.000000
3332,3333,60,-0.142578,-1.000000
3334,3335,60,-0.114912,-1.000000
3336,3337,63,-0.041167,-1.000000
3338,3339,62,-0.063695,-1.000000
3340,3341,63,-0.033630,-1.000000
3342,3343,62,-0.156250,-1.000000
3344,3345,61,-0.062278,-1.000000
3346,3347,62,-0.158203,-1.000000
3348,3349,60,-0.046186,-1.000000
3350,3351,60,-0.052241,-1.000000
3352,3353,60,-0.144531,-1.000000
3354,3355,63,-0.045506,-1.000000
3356,3357,63,-0.050690,-1.000000
3358,3359,60,-0.013319,-1.000000
3360,3361,63,-0.119581,-1.000000
3362,3363,62,-0.071719,-1.000000
3364,3365,60,-0.146484,-1.000000
3366,3367,60,-0.148438,-1.000000
3368,3369,62,-0.140625,-1.000000
3370,3371,60,-0.059867,-1.000000
3372,3373,60,-0.150391,-1.000000
3374,3375,63,-0.021134,-1.000000
3376,3377,60,-0.124493,-1.000000
3378,3379,62,-0.068969,-1.000000
3380,3381,63,-0.018139,-1.000000
3382,3383,61,-0.036789,-1.000000
3384,3385,61,-0.073242,-1.000000
3386,3387,61,-0.148438,-1.000000
3388,3389,60,-0.066113,-1.000000
3390,3391,61,-0.150391,-1.000000
3392,3393,61,-0.037555,-1.000000
3394,3395,62,-0.142578,-1.000000
3396,3397,63,-0.037339,-1.000000
3398,3399,63,-0.067102,-1.000000
3400,3401,63,-0.043191,-1.000000
3402,3403,61,-0.038753,-1.000000
3404,3405,63,-0.148438,-1.000000
3406,3407,60,-0.071411,-1.000000
3408,3409,63,-0.026215,-1.000000
3410,3411,62,-0.160156,-1.000000
3412,3413,63,-0.021409,-1.000000
3414,3415,60,-0.050845,-1.000000
3416,3417,62,-0.162109,-1.000000
3418,3419,61,-0.152344,-1.000000
3420,3421,60,-0.060277,-1.000000
3422,3423,62,-0.144531,-1.000000
3424,3425,60,-0.019460,-1.000000
3426,3427,62,-0.031364,-1.000000
3428,3429,60,-0.152344,-1.000000
3430,3431,61,-0.024971,-1.000000
3432,3433,61,-0.040090,-1.000000
3434,3435,60,-0.154297,-1.000000
3436,3437,61,-0.154297,-1.000000
3438,3439,62,-0.014338,-1.000000
3440,3441,60,-0.076196,-1.000000
3442,3443,61,-0.057377,-1.000000
3444,3445,63,-0.020842,-1.000000
3446,3447,61,-0.156250,-1.000000
3448,3449,62,-0.066547,-1.000000
3450,3451,62,-0.072016,-1.000000
3452,3453,62,-0.164062,-1.000000
3454,3455,60,-0.055200,-1.000000
3456,3457,63,-0.051085,-1.000000
3458,3459,60,-0.018109,-1.000000
3460,3461,60,-0.041684,-1.000000
3462,3463,60,-0.017201,-1.000000
3464,3465,61,-0.028396,-1.000000
3466,3467,62,-0.119095,-1.000000
3468,3469,61,-0.038979,-1.000000
3470,3471,61,-0.058594,-1.000000
3472,3473,61,-0.158203,-1.000000
3474,3475,61,-0.046343,-1.000000
3476,3477,60,-0.018495,-1.000000
3478,3479,61,-0.067302,-1.000000
3480,3481,62,-0.065210,-1.000000
3482,3483,63,-0.030980,-1.000000
3484,3485,60,-0.019080,-1.000000
3486,3487,61,-0.160156,-1.000000
3488,3489,61,-0.068638,-1.000000
3490,3491,62,-0.166016,-1.000000
3492,3493,60,-0.013161,-1.000000
3494,3495,63,-0.038269,-1.000000
3496,3497,61,-0.066492,-1.000000
3498,3499,62,-0.152344,-1.000000
3500,3501,63,-0.109844,-1.000000
3502,3503,62,-0.146484,-1.000000
3504,3505,61,-0.039175,-1.000000
3506,3507,60,-0.061065,-1.000000
3508,3509,62,-0.012335,-1.000000
3510,3511,61,-0.041389,-1.000000
3512,3513,61,-0.080588,-1.000000
3514,3515,63,-0.150391,-1.000000
3516,3517,63,-0.061172,-1.000000
3518,3519,63,-0.026422,-1.000000
3520,3521,63,-0.023994,-1.000000
3522,3523,60,-0.019581,-1.000000
3524,3525,60,-0.071359,-1.000000
3526,3527,61,-0.097064,-1.000000
3528,3529,63,-0.052248,-1.000000
3530,3531,61,-0.044830,-1.000000
3532,3533,62,-0.154297,-1.000000
3534,3535,63,-0.152344,-1.000000
3536,3537,60,-0.065824,-1.000000
3538,3539,60,-0.066717,-1.000000
3540,3541,60,-0.156250,-1.000000
3542,3543,61,-0.041859,-1.000000
3544,3545,62,-0.059671,-1.000000
3546,3547,63,-0.065103,-1.000000
3548,3549,61,-0.018993,-1.000000
3550,3551,60,-0.158203,-1.000000
3552,3553,63,-0.026430,-1.000000
3554,3555,61,-0.048337,-1.000000
3556,3557,63,-0.154297,-1.000000
3558,3559,60,-0.069394,-1.000000
3560,3561,60,-0.083526,-1.000000
3562,3563,60,-0.091390,-1.000000
3564,3565,62,-0.156250,-1.000000
3566,3567,61,-0.020994,-1.000000
3568,3569,60,-0.061964,-1.000000
3570,3571,60,-0.027948,-1.000000
3572,3573,60,-0.160156,-1.000000
3574,3575,61,-0.023313,-1.000000
3576,3577,60,-0.048083,-1.000000
3578,3579,60,-0.162109,-1.000000
3580,3581,60,-0.032347,-1.000000
3582,3583,60,-0.032497,-1.000000
3584,3585,60,-0.107911,-1.000000
3586,3587,62,-0.148438,-1.000000
3588,3589,61,-0.052813,-1.000000
3590,3591,60,-0.164062,-1.000000
3592,3593,60,-0.016912,-1.000000
3594,3595,62,-0.089785,-1.000000
3596,3597,60,-0.018719,-1.000000
3598,3599,61,-0.044844,-1.000000
3600,3601,62,-0.055208,-1.000000
3602,3603,62,-0.063655,-1.000000
3604,3605,62,-0.158203,-1.000000
3606,3607,61,-0.058043,-1.000000
3608,3609,60,-0.034397,-1.000000
3610,3611,63,-0.053544,-1.000000
3612,3613,62,-0.072667,-1.000000
3614,3615,60,-0.166016,-1.000000
3616,3617,60,-0.015133,-1.000000
3618,3619,61,-0.048183,-1.000000
3620,3621,62,-0.014565,-1.000000
3622,3623,63,-0.060131,-1.000000
3624,3625,61,-0.051943,-1.000000
3626,3627,62,-0.160156,-1.000000
3628,3629,61,-0.121240,-1.000000
3630,3631,62,-0.162109,-1.000000
3632,3633,61,-0.162109,-1.000000
3634,3635,63,-0.156250,-1.000000
3636,3637,63,-0.061400,-1.000000
3638,3639,60,-0.095424,-1.000000
3640,3641,61,-0.123083,-1.000000
3642,3643,63,-0.158203,-1.000000
3644,3645,62,-0.056914,-1.000000
3646,3647,61,-0.110806,-1.000000
3648,3649,61,-0.008080,-1.000000
3650,3651,60,-0.167969,-1.000000
3652,3653,60,-0.008687,-1.000000
3654,3655,60,-0.018915,-1.000000
3656,3657,61,-0.162109,-1.000000
3658,3659,60,-0.031574,-1.000000
3660,3661,61,-0.023725,-1.000000
3662,3663,62,-0.073090,-1.000000
3664,3665,60,-0.061949,-1.000000
3666,3667,60,-0.067202,-1.000000
3668,3669,61,-0.062490,-1.000000
3670,3671,63,-0.160156,-1.000000
3672,3673,60,-0.097155,-1.000000
3674,3675,60,-0.072340,-1.000000
3676,3677,63,-0.024034,-1.000000
3678,3679,60,-0.107009,-1.000000
3680,3681,61,-0.069734,-1.000000
3682,3683,62,-0.013999,-1.000000
3684,3685,61,-0.164062,-1.000000
3686,3687,61,-0.026169,-1.000000
3688,3689,63,-0.112647,-1.000000
3690,3691,61,-0.164062,-1.000000
3692,3693,60,-0.075662,-1.000000
3694,3695,63,-0.057919,-1.000000
3696,3697,62,-0.074129,-1.000000
3698,3699,61,-0.028291,-1.000000
3700,3701,63,-0.081132,-1.000000
3702,3703,60,-0.118729,-1.000000
3704,3705,60,-0.169922,-1.000000
3706,3707,62,-0.015286,-1.000000
3708,3709,61,-0.166016,-1.000000
3710,3711,62,-0.085875,-1.000000
3712,3713,63,-0.020284,-1.000000
3714,3715,60,-0.085693,-1.000000
3716,3717,62,-0.167969,-1.000000
3718,3719,60,-0.131531,-1.000000
3720,3721,61,-0.051883,-1.000000
3722,3723,63,-0.012895,-1.000000
3724,3725,61,-0.056186,-1.000000
3726,3727,62,-0.164062,-1.000000
3728,3729,63,-0.027174,-1.000000
3730,3731,61,-0.166016,-1.000000
3732,3733,60,-0.132903,-1.000000
3734,3735,61,-0.057351,-1.000000
3736,3737,63,-0.090523,-1.000000
3738,3739,61,-0.065732,-1.000000
3740,3741,62,-0.030833,-1.000000
3742,3743,61,-0.167969,-1.000000
3744,3745,60,-0.014246,-1.000000
3746,3747,60,-0.144821,-1.000000
3748,3749,61,-0.052908,-1.000000
3750,3751,62,-0.087478,-1.000000
3752,3753,63,-0.023348,-1.000000
3754,3755,60,-0.152344,-1.000000
3756,3757,61,-0.067018,-1.000000
3758,3759,63,-0.014355,-1.000000
3760,3761,60,-0.171875,-1.000000
3762,3763,60,-0.173828,-1.000000
3764,3765,63,-0.065023,-1.000000
3766,3767,60,-0.154297,-1.000000
3768,3769,61,-0.169922,-1.000000
3770,3771,63,-0.025502,-1.000000
3772,3773,61,-0.068310,-1.000000
3774,3775,60,-0.175781,-1.000000
3776,3777,63,-0.029528,-1.000000
3778,3779,63,-0.102035,-1.000000
3780,3781,61,-0.171875,-1.000000
3782,3783,61,-0.009873,-1.000000
3784,3785,62,-0.101938,-1.000000
3786,3787,62,-0.089087,-1.000000
3788,3789,61,-0.173828,-1.000000
3790,3791,62,-0.166016,-1.000000
3792,3793,61,-0.068528,-1.000000
3794,3795,62,-0.028709,-1.000000
3796,3797,62,-0.167969,-1.000000
3798,3799,61,-0.091154,-1.000000
3800,3801,63,-0.073844,-1.000000
3802,3803,62,-0.169922,-1.000000
3804,3805,60,-0.156250,-1.000000
3806,3807,61,-0.075538,-1.000000
3808,3809,61,-0.051165,-1.000000
3810,3811,63,-0.030149,-1.000000
3812,3813,62,-0.103284,-1.000000
3814,3815,62,-0.068476,-1.000000
3816,3817,60,-0.158203,-1.000000
3818,3819,61,-0.010783,-1.000000
3820,3821,62,-0.169922,-1.000000
3822,3823,62,-0.106798,-1.000000
3824,3825,62,-0.129145,-1.000000
3826,3827,61,-0.018010,-1.000000
3828,3829,62,-0.022352,-1.000000
3830,3831,62,-0.016398,-1.000000
3832,3833,61,-0.055150,-1.000000
3834,3835,63,-0.162109,-1.000000
3836,3837,62,-0.091159,-1.000000
3838,3839,63,-0.024888,-1.000000
3840,3841,63,-0.075265,-1.000000
3842,3843,60,-0.015212,-1.000000
3844,3845,62,-0.100396,-1.000000
3846,3847,61,-0.108799,-1.000000
3848,3849,60,-0.014064,-1.000000
3850,3851,63,-0.164062,-1.000000
3852,3853,61,-0.083917,-1.000000
3854,3855,63,-0.015257,-1.000000
3856,3857,61,-0.134183,-1.000000
3858,3859,63,-0.122472,-1.000000
3860,3861,61,-0.019375,-1.000000
3862,3863,62,-0.128442,-1.000000
3864,3865,60,-0.160156,-1.000000
3866,3867,60,-0.015803,-1.000000
3868,3869,62,-0.160156,-1.000000
3870,3871,63,-0.084135,-1.000000
3872,3873,60,-0.017222,-1.000000
3874,3875,63,-0.103016,-1.000000
3876,3877,62,-0.114397,-1.000000
3878,3879,62,-0.162109,-1.000000
3880,3881,63,-0.130437,-1.000000
3882,3883,62,-0.044237,-1.000000
3884,3885,63,-0.096298,-1.000000
3886,3887,62,-0.171875,-1.000000
3888,3889,63,-0.026593,-1.000000
3890,3891,61,-0.059683,-1.000000
3892,3893,60,-0.162109,-1.000000
3894,3895,63,-0.029806,-1.000000
3896,3897,63,-0.034551,-1.000000
3898,3899,61,-0.064885,-1.000000
3900,3901,63,-0.039796,-1.000000
3902,3903,63,-0.015317,-1.000000
3904,3905,60,-0.177734,-1.000000
3906,3907,62,-0.171875,-1.000000
3908,3909,62,-0.077954,-1.000000
3910,3911,60,-0.011483,-1.000000
3912,3913,61,-0.012457,-1.000000
3914,3915,61,-0.026485,-1.000000
3916,3917,62,-0.036946,-1.000000
3918,3919,60,-0.179688,-1.000000
3920,3921,61,-0.133665,-1.000000
3922,3923,60,-0.083225,-1.000000
3924,3925,60,-0.100098,-1.000000
3926,3927,63,-0.118010,-1.000000
3928,3929,63,-0.017888,-1.000000
3930,3931,61,-0.029328,-1.000000
3932,3933,62,-0.136966,-1.000000
3934,3935,62,-0.022528,-1.000000
3936,3937,62,-0.173828,-1.000000
3938,3939,63,-0.064033,-1.000000
3940,3941,61,-0.070915,-1.000000
3942,3943,60,-0.014373,-1.000000
3944,3945,62,-0.014223,-1.000000
3946,3947,62,-0.089548,-1.000000
3948,3949,60,-0.045848,-1.000000
3950,3951,62,-0.175781,-1.000000
3952,3953,60,-0.021381,-1.000000
3954,3955,61,-0.094111,-1.000000
3956,3957,60,-0.030636,-1.000000
3958,3959,62,-0.136719,-1.000000
3960,3961,60,-0.101790,-1.000000
3962,3963,61,-0.106780,-1.000000
3964,3965,62,-0.166016,-1.000000
3966,3967,62,-0.173828,-1.000000
3968,3969,62,-0.015973,-1.000000
3970,3971,61,-0.032589,-1.000000
3972,3973,62,-0.177734,-1.000000
3974,3975,63,-0.025447,-1.000000
3976,3977,63,-0.038588,-1.000000
3978,3979,63,-0.112109,-1.000000
3980,3981,61,-0.173828,-1.000000
3982,3983,63,-0.133502,-1.000000
3984,3985,63,-0.137547,-1.000000
3986,3987,63,-0.166016,-1.000000
3988,3989,61,-0.175781,-1.000000
3990,3991,62,-0.175781,-1.000000
3992,3993,63,-0.061892,-1.000000
3994,3995,61,-0.175781,-1.000000
3996,3997,63,-0.139453,-1.000000
3998,3999,60,-0.181641,-1.000000
4000,4001,60,-0.183594,-1.000000
4002,4003,60,-0.185547,-1.000000
4004,4005,60,-0.017403,-1.000000
4006,4007,60,-0.104259,-1.000000
4008,4009,63,-0.018096,-1.000000
4010,4011,60,-0.129687,-1.000000
4012,4013,61,-0.015224,-1.000000
4014,4015,60,-0.187500,-1.000000
4016,4017,62,-0.177734,-1.000000
4018,4019,60,-0.020005,-1.000000
4020,4021,60,-0.164062,-1.000000
4022,4023,63,-0.167969,-1.000000
4024,4025,61,-0.177734,-1.000000
4026,4027,61,-0.179688,-1.000000
4028,4029,61,-0.072227,-1.000000
4030,4031,63,-0.169922,-1.000000
4032,4033,61,-0.139757,-1.000000
4034,4035,63,-0.044007,-1.000000
4036,4037,60,-0.020980,-1.000000
4038,4039,61,-0.179688,-1.000000
4040,4041,61,-0.016617,-1.000000
4042,4043,61,-0.181641,-1.000000
4044,4045,61,-0.068608,-1.000000
4046,4047,62,-0.179688,-1.000000
4048,4049,61,-0.035784,-1.000000
4050,4051,60,-0.166016,-1.000000
4052,4053,62,-0.167969,-1.000000
4054,4055,60,-0.167969,-1.000000
4056,4057,62,-0.088320,-1.000000
4058,4059,62,-0.179688,-1.000000
4060,4061,63,-0.025859,-1.000000
4062,4063,61,-0.183594,-1.000000
4064,4065,61,-0.009504,-1.000000
4066,4067,61,-0.143481,-1.000000
4068,4069,62,-0.181641,-1.000000
4070,4071,63,-0.141877,-1.000000
4072,4073,63,-0.034428,-1.000000
4074,4075,63,-0.029401,-1.000000
4076,4077,62,-0.104718,-1.000000
4078,4079,62,-0.181641,-1.000000
4080,4081,60,-0.018335,-1.000000
4082,4083,62,-0.119820,-1.000000
4084,4085,63,-0.101230,-1.000000
4086,4087,62,-0.139453,-1.000000
4088,4089,62,-0.183594,-1.000000
4090,4091,60,-0.020118,-1.000000
4092,4093,60,-0.033318,-1.000000
4094,4095,61,-0.036553,-1.000000
4096,4097,63,-0.171875,-1.000000
4098,4099,60,-0.189453,-1.000000
4100,4101,61,-0.081040,-1.000000
4102,4103,62,-0.125594,-1.000000
4104,4105,60,-0.027933,-1.000000
4106,4107,60,-0.008950,-1.000000
4108,4109,61,-0.089800,-1.000000
4110,4111,60,-0.022851,-1.000000
4112,4113,62,-0.121087,-1.000000
4114,4115,61,-0.023211,-1.000000
4116,4117,63,-0.062405,-1.000000
4118,4119,61,-0.025990,-1.000000
4120,4121,62,-0.021453,-1.000000
4122,4123,62,-0.183594,-1.000000
4124,4125,62,-0.075496,-1.000000
4126,4127,63,-0.143780,-1.000000
4128,4129,60,-0.016191,-1.000000
4130,4131,61,-0.100410,-1.000000
4132,4133,60,-0.191406,-1.000000
4134,4135,60,-0.074067,-1.000000
4136,4137,61,-0.069862,-1.000000
4138,4139,60,-0.083477,-1.000000
4140,4141,62,-0.123973,-1.000000
4142,4143,60,-0.084928,-1.000000
4144,4145,61,-0.040635,-1.000000
4146,4147,60,-0.044400,-1.000000
4148,4149,60,-0.169922,-1.000000
4150,4151,60,-0.193359,-1.000000
4152,4153,62,-0.111561,-1.000000
4154,4155,62,-0.185547,-1.000000
4156,4157,63,-0.171875,-1.000000
4158,4159,61,-0.076200,-1.000000
4160,4161,62,-0.021534,-1.000000
4162,4163,62,-0.108461,-1.000000
4164,4165,61,-0.185547,-1.000000
4166,4167,61,-0.187500,-1.000000
4168,4169,61,-0.021319,-1.000000
4170,4171,61,-0.083612,-1.000000
4172,4173,61,-0.043975,-1.000000
4174,4175,63,-0.021519,-1.000000
4176,4177,63,-0.121971,-1.000000
4178,4179,62,-0.014281,-1.000000
4180,4181,63,-0.030975,-1.000000
4182,4183,62,-0.185547,-1.000000
4184,4185,61,-0.120719,-1.000000
4186,4187,60,-0.118131,-1.000000
4188,4189,61,-0.149072,-1.000000
4190,4191,63,-0.021428,-1.000000
4192,4193,60,-0.171875,-1.000000
4194,4195,60,-0.043062,-1.000000
4196,4197,62,-0.187500,-1.000000
4198,4199,62,-0.049070,-1.000000
4200,4201,63,-0.022921,-1.000000
4202,4203,63,-0.028429,-1.000000
4204,4205,62,-0.110819,-1.000000
4206,4207,60,-0.067883,-1.000000
4208,4209,63,-0.031965,-1.000000
4210,4211,63,-0.173828,-1.000000
4212,4213,63,-0.143332,-1.000000
4214,4215,62,-0.126793,-1.000000
4216,4217,61,-0.189453,-1.000000
4218,4219,62,-0.019758,-1.000000
4220,4221,61,-0.017816,-1.000000
4222,4223,62,-0.187500,-1.000000
4224,4225,63,-0.033858,-1.000000
4226,4227,62,-0.124748,-1.000000
4228,4229,60,-0.053246,-1.000000
4230,4231,60,-0.173828,-1.000000
4232,4233,61,-0.136149,-1.000000
4234,4235,61,-0.191406,-1.000000
4236,4237,63,-0.102392,-1.000000
4238,4239,61,-0.193359,-1.000000
4240,4241,60,-0.058062,-1.000000
4242,4243,61,-0.078880,-1.000000
4244,4245,62,-0.146211,-1.000000
4246,4247,61,-0.195312,-1.000000
4248,4249,62,-0.189453,-1.000000
4250,4251,61,-0.091912,-1.000000
4252,4253,61,-0.197266,-1.000000
4254,4255,60,-0.066953,-1.000000
4256,4257,63,-0.032280,-1.000000
4258,4259,60,-0.175781,-1.000000
4260,4261,62,-0.175781,-1.000000
4262,4263,62,-0.191406,-1.000000
4264,4265,62,-0.147590,-1.000000
4266,4267,62,-0.177734,-1.000000
4268,4269,63,-0.036805,-1.000000
4270,4271,61,-0.199219,-1.000000
4272,4273,60,-0.044546,-1.000000
4274,4275,61,-0.038215,-1.000000
4276,4277,61,-0.078939,-1.000000
4278,4279,61,-0.201172,-1.000000
4280,4281,60,-0.028100,-1.000000
4282,4283,60,-0.026598,-1.000000
4284,4285,60,-0.177734,-1.000000
4286,4287,61,-0.203125,-1.000000
4288,4289,61,-0.174880,-1.000000
4290,4291,63,-0.072360,-1.000000
4292,4293,60,-0.061730,-1.000000
4294,4295,63,-0.034101,-1.000000
4296,4297,62,-0.173871,-1.000000
4298,4299,63,-0.104869,-1.000000
4300,4301,60,-0.015389,-1.000000
4302,4303,63,-0.161719,-1.000000
4304,4305,63,-0.036646,-1.000000
4306,4307,62,-0.193359,-1.000000
4308,4309,60,-0.013479,-1.000000
4310,4311,60,-0.016504,-1.000000
4312,4313,61,-0.074836,-1.000000
4314,4315,62,-0.195312,-1.000000
4316,4317,62,-0.179688,-1.000000
4318,4319,63,-0.040638,-1.000000
4320,4321,60,-0.018999,-1.000000
4322,4323,61,-0.022629,-1.000000
4324,4325,61,-0.077759,-1.000000
4326,4327,63,-0.106521,-1.000000
4328,4329,62,-0.197266,-1.000000
4330,4331,61,-0.021939,-1.000000
4332,4333,62,-0.150014,-1.000000
4334,4335,63,-0.176823,-1.000000
4336,4337,63,-0.123757,-1.000000
4338,4339,63,-0.168573,-1.000000
4340,4341,61,-0.084140,-1.000000
4342,4343,60,-0.170520,-1.000000
4344,4345,61,-0.095814,-1.000000
4346,4347,62,-0.199219,-1.000000
4348,4349,60,-0.019569,-1.000000
4350,4351,63,-0.024604,-1.000000
4352,4353,60,-0.195312,-1.000000
4354,4355,60,-0.017808,-1.000000
4356,4357,61,-0.205078,-1.000000
4358,4359,63,-0.013860,-1.000000
4360,4361,63,-0.104609,-1.000000
4362,4363,61,-0.070251,-1.000000
4364,4365,60,-0.026119,-1.000000
4366,4367,60,-0.181641,-1.000000
4368,4369,60,-0.065454,-1.000000
4370,4371,60,-0.197266,-1.000000
4372,4373,60,-0.199219,-1.000000
4374,4375,63,-0.125539,-1.000000
4376,4377,62,-0.201172,-1.000000
4378,4379,62,-0.177776,-1.000000
4380,4381,60,-0.070921,-1.000000
4382,4383,61,-0.032981,-1.000000
4384,4385,62,-0.181641,-1.000000
4386,4387,62,-0.121055,-1.000000
4388,4389,61,-0.020593,-1.000000
4390,4391,61,-0.131719,-1.000000
4392,4393,60,-0.183594,-1.000000
4394,4395,60,-0.077964,-1.000000
4396,4397,60,-0.061470,-1.000000
4398,4399,60,-0.014391,-1.000000
4400,4401,62,-0.179729,-1.000000
4402,4403,60,-0.027227,-1.000000
4404,4405,62,-0.203125,-1.000000
4406,4407,63,-0.162410,-1.000000
4408,4409,61,-0.035822,-1.000000
4410,4411,61,-0.073642,-1.000000
4412,4413,60,-0.068882,-1.000000
4414,4415,63,-0.108704,-1.000000
4416,4417,60,-0.167900,-1.000000
4418,4419,62,-0.011983,-1.000000
4420,4421,60,-0.014658,-1.000000
4422,4423,62,-0.183594,-1.000000
4424,4425,62,-0.205078,-1.000000
