0,1,223,-0.000244,-1.000000
2,3,223,-0.000244,-0.000000
4,5,228,-0.000244,-1.000000
6,7,228,-0.000244,-0.000000
8,9,223,-0.000244,-1.000000
10,11,223,-0.000244,-0.000000
12,13,222,-0.000244,-1.000000
14,15,222,-0.000244,-0.000000
16,17,228,-0.000244,-1.000000
18,19,228,-0.000244,-0.000000
20,21,221,-0.000244,-1.000000
22,23,221,-0.000244,-0.000000
24,25,229,-0.000244,-1.000000
26,27,229,-0.000244,-0.000000
28,29,220,-0.000244,-1.000000
30,31,220,-0.000244,-0.000000
32,33,225,-0.000244,-1.000000
34,35,225,-0.000244,-0.000000
36,37,223,-0.000244,-1.000000
38,39,223,-0.000244,-0.000000
40,41,225,-0.000244,-1.000000
42,43,225,-0.000244,-0.000000
44,45,225,-0.000244,-1.000000
46,47,225,-0.000244,-0.000000
48,49,227,-0.000244,-1.000000
50,51,224,-0.000244,-1.000000
52,53,224,-0.000244,-0.000000
54,55,227,-0.000244,-0.000000
56,57,220,-0.000244,-1.000000
58,59,220,-0.000244,-0.000000
60,61,222,-0.000244,-1.000000
62,63,222,-0.000244,-0.000000
64,65,229,-0.000244,-1.000000
66,67,229,-0.000244,-0.000000
68,69,229,-0.000244,-1.000000
70,71,229,-0.000244,-0.000000
72,73,222,-0.000244,-1.000000
74,75,222,-0.000244,-0.000000
76,77,224,-0.000244,-1.000000
78,79,225,-0.000244,-1.000000
80,81,225,-0.000244,-0.000000
82,83,224,-0.000244,-0.000000
84,85,227,-0.000244,-1.000000
86,87,227,-0.000244,-0.000000
88,89,220,-0.000244,-1.000000
90,91,220,-0.000244,-0.000000
92,93,226,-0.000244,-1.000000
94,95,226,-0.000244,-0.000000
96,97,220,-0.000244,-1.000000
98,99,220,-0.000244,-0.000000
100,101,226,-0.000244,-1.000000
102,103,226,-0.000244,-0.000000
104,105,221,-0.000244,-1.000000
106,107,221,-0.000244,-0.000000
108,109,227,-0.000244,-1.000000
110,111,227,-0.000244,-0.000000
112,113,223,-0.000244,-1.000000
114,115,223,-0.000244,-0.000000
116,117,224,-0.000244,-1.000000
118,119,224,-0.000244,-0.000000
120,121,229,-0.000244,-1.000000
122,123,229,-0.000244,-0.000000
124,125,224,-0.000244,-1.000000
126,127,224,-0.000244,-0.000000
128,129,220,-0.000244,-1.000000
130,131,220,-0.000244,-0.000000
132,133,225,-0.000244,-1.000000
134,135,225,-0.000244,-0.000000
136,137,222,-0.000244,-1.000000
138,139,222,-0.000244,-0.000000
140,141,226,-0.000244,-1.000000
142,143,226,-0.000244,-0.000000
144,145,227,-0.000244,-1.000000
146,147,227,-0.000244,-0.000000
148,149,220,-0.000244,-1.000000
150,151,220,-0.000244,-0.000000
152,153,226,-0.000244,-1.000000
154,155,226,-0.000244,-0.000000
156,157,221,-0.000244,-1.000000
158,159,221,-0.000244,-0.000000
160,161,225,-0.000244,-1.000000
162,163,224,-0.000244,-1.000000
164,165,225,-0.000244,-1.000000
166,167,227,-0.000244,-1.000000
168,169,228,-0.000244,-1.000000
170,171,228,-0.000244,-0.000000
172,173,227,-0.000244,-0.000000
174,175,224,-0.000244,-0.000000
176,177,225,-0.000244,-0.000000
178,179,225,-0.000244,-0.000000
180,181,224,-0.000244,-1.000000
182,183,222,-0.000244,-1.000000
184,185,224,-0.000244,-0.000000
186,187,222,-0.000244,-0.000000
188,189,223,-0.000244,-1.000000
190,191,225,-0.000244,-1.000000
192,193,225,-0.000244,-0.000000
194,195,223,-0.000244,-0.000000
196,197,220,-0.000244,-1.000000
198,199,224,-0.000244,-1.000000
200,201,226,-0.000244,-1.000000
202,203,223,-0.000244,-1.000000
204,205,224,-0.000244,-1.000000
206,207,226,-0.000244,-0.000000
208,209,224,-0.000244,-0.000000
210,211,220,-0.000244,-0.000000
212,213,223,-0.000244,-0.000000
214,215,224,-0.000244,-0.000000
216,217,227,-0.000244,-1.000000
218,219,229,-0.000244,-1.000000
220,221,220,-0.000244,-1.000000
222,223,222,-0.000244,-1.000000
224,225,220,-0.000244,-0.000000
226,227,227,-0.000244,-0.000000
228,229,229,-0.000244,-0.000000
230,231,222,-0.000244,-0.000000
232,233,226,-0.000244,-1.000000
234,235,223,-0.000244,-1.000000
236,237,226,-0.000244,-0.000000
238,239,223,-0.000244,-0.000000
240,241,229,-0.000244,-1.000000
242,243,229,-0.000244,-0.000000
244,245,224,-0.000244,-1.000000
246,247,227,-0.000244,-1.000000
248,249,220,-0.000244,-1.000000
250,251,227,-0.000244,-1.000000
252,253,227,-0.000244,-1.000000
254,255,224,-0.000244,-0.000000
256,257,227,-0.000244,-0.000000
258,259,220,-0.000244,-0.000000
260,261,227,-0.000244,-0.000000
262,263,227,-0.000244,-0.000000
264,265,221,-0.000244,-1.000000
266,267,221,-0.000244,-0.000000
268,269,229,-0.000244,-1.000000
270,271,224,-0.000244,-1.000000
272,273,222,-0.000244,-1.000000
274,275,225,-0.000244,-1.000000
276,277,228,-0.000244,-1.000000
278,279,222,-0.000244,-0.000000
280,281,229,-0.000244,-0.000000
282,283,225,-0.000244,-0.000000
284,285,224,-0.000244,-0.000000
286,287,228,-0.000244,-0.000000
288,289,224,-0.000244,-1.000000
290,291,226,-0.000244,-1.000000
292,293,224,-0.000244,-0.000000
294,295,226,-0.000244,-0.000000
296,297,228,-0.000244,-1.000000
298,299,223,-0.000244,-1.000000
300,301,224,-0.000244,-1.000000
302,303,223,-0.000488,-1.000000
304,305,228,-0.000244,-1.000000
306,307,229,-0.000244,-1.000000
308,309,222,-0.000244,-1.000000
310,311,229,-0.000244,-0.000000
312,313,222,-0.000244,-0.000000
314,315,228,-0.000244,-0.000000
316,317,223,-0.000488,-1.000000
318,319,228,-0.000244,-0.000000
320,321,224,-0.000244,-0.000000
322,323,223,-0.000244,-0.000000
324,325,222,-0.000244,-1.000000
326,327,221,-0.000244,-1.000000
328,329,223,-0.000244,-1.000000
330,331,221,-0.000244,-1.000000
332,333,227,-0.000244,-1.000000
334,335,223,-0.000244,-1.000000
336,337,227,-0.000244,-0.000000
338,339,223,-0.000244,-0.000000
340,341,221,-0.000244,-0.000000
342,343,222,-0.000244,-0.000000
344,345,221,-0.000244,-0.000000
346,347,223,-0.000244,-0.000000
348,349,222,-0.000244,-1.000000
350,351,220,-0.000244,-1.000000
352,353,225,-0.000244,-1.000000
354,355,226,-0.000244,-1.000000
356,357,220,-0.000244,-1.000000
358,359,221,-0.000244,-1.000000
360,361,220,-0.000244,-0.000000
362,363,222,-0.000244,-0.000000
364,365,225,-0.000244,-0.000000
366,367,221,-0.000244,-0.000000
368,369,226,-0.000244,-0.000000
370,371,220,-0.000244,-0.000000
372,373,225,-0.000244,-1.000000
374,375,225,-0.000244,-0.000000
376,377,226,-0.000244,-1.000000
378,379,220,-0.000244,-1.000000
380,381,223,-0.000244,-1.000000
382,383,223,-0.000244,-0.000000
384,385,226,-0.000244,-0.000000
386,387,220,-0.000244,-0.000000
388,389,225,-0.000244,-1.000000
390,391,227,-0.000244,-1.000000
392,393,223,-0.000244,-1.000000
394,395,222,-0.000244,-1.000000
396,397,225,-0.000244,-0.000000
398,399,227,-0.000244,-0.000000
400,401,223,-0.000244,-0.000000
402,403,222,-0.000244,-0.000000
404,405,222,-0.000244,-1.000000
406,407,223,-0.000244,-1.000000
408,409,224,-0.000244,-1.000000
410,411,229,-0.000244,-1.000000
412,413,228,-0.000244,-1.000000
414,415,225,-0.000244,-1.000000
416,417,224,-0.000488,-1.000000
418,419,223,-0.000244,-0.000000
420,421,229,-0.000244,-0.000000
422,423,225,-0.000244,-0.000000
424,425,222,-0.000244,-0.000000
426,427,228,-0.000244,-0.000000
428,429,224,-0.000488,-1.000000
430,431,224,-0.000244,-0.000000
432,433,225,-0.000244,-1.000000
434,435,223,-0.000244,-1.000000
436,437,225,-0.000244,-1.000000
438,439,220,-0.000244,-1.000000
440,441,225,-0.000244,-0.000000
442,443,225,-0.000244,-0.000000
444,445,223,-0.000244,-0.000000
446,447,220,-0.000244,-0.000000
448,449,223,-0.000244,-1.000000
450,451,223,-0.000244,-0.000000
452,453,224,-0.000244,-1.000000
454,455,224,-0.000244,-0.000000
456,457,228,-0.000244,-1.000000
458,459,228,-0.000244,-1.000000
460,461,229,-0.000244,-1.000000
462,463,226,-0.000244,-1.000000
464,465,228,-0.000244,-1.000000
466,467,229,-0.000244,-0.000000
468,469,228,-0.000244,-0.000000
470,471,226,-0.000244,-0.000000
472,473,228,-0.000244,-0.000000
474,475,228,-0.000488,-1.000000
476,477,229,-0.000244,-1.000000
478,479,224,-0.000244,-1.000000
480,481,220,-0.000244,-1.000000
482,483,229,-0.000244,-1.000000
484,485,228,-0.000244,-1.000000
486,487,223,-0.000244,-1.000000
488,489,228,-0.000244,-1.000000
490,491,220,-0.000244,-0.000000
492,493,229,-0.000244,-0.000000
494,495,229,-0.000244,-0.000000
496,497,223,-0.000244,-0.000000
498,499,224,-0.000244,-0.000000
500,501,228,-0.000244,-0.000000
502,503,228,-0.000244,-0.000000
504,505,221,-0.000244,-1.000000
506,507,223,-0.000244,-1.000000
508,509,227,-0.000244,-1.000000
510,511,223,-0.000244,-1.000000
512,513,227,-0.000244,-0.000000
514,515,223,-0.000244,-0.000000
516,517,221,-0.000244,-0.000000
518,519,223,-0.000244,-0.000000
520,521,226,-0.000244,-1.000000
522,523,222,-0.000244,-1.000000
524,525,226,-0.000244,-1.000000
526,527,226,-0.000244,-0.000000
528,529,222,-0.000244,-0.000000
530,531,226,-0.000244,-0.000000
532,533,221,-0.000244,-1.000000
534,535,220,-0.000244,-1.000000
536,537,227,-0.000244,-1.000000
538,539,220,-0.000244,-0.000000
540,541,227,-0.000244,-0.000000
542,543,221,-0.000244,-0.000000
544,545,220,-0.000244,-1.000000
546,547,227,-0.000244,-1.000000
548,549,226,-0.000244,-1.000000
550,551,226,-0.000244,-0.000000
552,553,220,-0.000244,-0.000000
554,555,227,-0.000244,-0.000000
556,557,229,-0.000244,-1.000000
558,559,229,-0.000244,-0.000000
560,561,220,-0.000244,-1.000000
562,563,229,-0.000244,-1.000000
564,565,226,-0.000244,-1.000000
566,567,220,-0.000244,-0.000000
568,569,226,-0.000244,-0.000000
570,571,229,-0.000244,-0.000000
572,573,225,-0.000244,-1.000000
574,575,224,-0.000244,-1.000000
576,577,225,-0.000244,-1.000000
578,579,229,-0.000244,-1.000000
580,581,225,-0.000244,-0.000000
582,583,225,-0.000244,-0.000000
584,585,229,-0.000244,-0.000000
586,587,224,-0.000244,-0.000000
588,589,226,-0.000244,-1.000000
590,591,223,-0.000244,-1.000000
592,593,222,-0.000244,-1.000000
594,595,229,-0.000244,-1.000000
596,597,226,-0.000244,-1.000000
598,599,220,-0.000244,-1.000000
600,601,222,-0.000244,-0.000000
602,603,226,-0.000244,-0.000000
604,605,229,-0.000244,-0.000000
606,607,223,-0.000244,-0.000000
608,609,220,-0.000244,-0.000000
610,611,226,-0.000244,-0.000000
612,613,223,-0.000244,-1.000000
614,615,223,-0.000244,-1.000000
616,617,228,-0.000244,-1.000000
618,619,223,-0.000244,-0.000000
620,621,223,-0.000244,-0.000000
622,623,228,-0.000244,-0.000000
624,625,224,-0.000244,-1.000000
626,627,227,-0.000244,-1.000000
628,629,221,-0.000244,-1.000000
630,631,221,-0.000488,-1.000000
632,633,221,-0.000488,-1.000000
634,635,221,-0.000244,-0.000000
636,637,224,-0.000244,-0.000000
638,639,227,-0.000244,-0.000000
640,641,225,-0.000244,-1.000000
642,643,223,-0.000244,-1.000000
644,645,227,-0.000244,-1.000000
646,647,225,-0.000244,-0.000000
648,649,223,-0.000244,-0.000000
650,651,227,-0.000244,-0.000000
652,653,224,-0.000244,-1.000000
654,655,224,-0.000244,-1.000000
656,657,220,-0.000244,-1.000000
658,659,227,-0.000244,-1.000000
660,661,224,-0.000244,-0.000000
662,663,227,-0.000244,-0.000000
664,665,220,-0.000244,-0.000000
666,667,224,-0.000244,-0.000000
668,669,226,-0.000244,-1.000000
670,671,224,-0.000244,-1.000000
672,673,225,-0.000244,-1.000000
674,675,224,-0.000244,-1.000000
676,677,229,-0.000244,-1.000000
678,679,226,-0.000244,-1.000000
680,681,223,-0.000244,-1.000000
682,683,226,-0.000244,-0.000000
684,685,224,-0.000244,-0.000000
686,687,223,-0.000244,-0.000000
688,689,226,-0.000244,-0.000000
690,691,229,-0.000244,-0.000000
692,693,225,-0.000244,-0.000000
694,695,224,-0.000244,-0.000000
696,697,224,-0.000244,-1.000000
698,699,225,-0.000244,-1.000000
700,701,225,-0.000244,-1.000000
702,703,228,-0.000244,-1.000000
704,705,229,-0.000244,-1.000000
706,707,221,-0.000244,-1.000000
708,709,220,-0.000244,-1.000000
710,711,229,-0.000244,-0.000000
712,713,224,-0.000244,-0.000000
714,715,225,-0.000244,-0.000000
716,717,220,-0.000244,-0.000000
718,719,221,-0.000244,-0.000000
720,721,228,-0.000244,-0.000000
722,723,225,-0.000244,-0.000000
724,725,222,-0.000244,-1.000000
726,727,223,-0.000244,-1.000000
728,729,221,-0.000244,-1.000000
730,731,223,-0.000244,-1.000000
732,733,228,-0.000244,-1.000000
734,735,224,-0.000244,-1.000000
736,737,228,-0.000244,-0.000000
738,739,223,-0.000244,-0.000000
740,741,223,-0.000244,-0.000000
742,743,222,-0.000244,-0.000000
744,745,224,-0.000244,-0.000000
746,747,221,-0.000244,-0.000000
748,749,226,-0.000244,-1.000000
750,751,226,-0.000244,-0.000000
752,753,222,-0.000244,-1.000000
754,755,227,-0.000244,-1.000000
756,757,227,-0.000244,-1.000000
758,759,228,-0.000244,-1.000000
760,761,229,-0.000244,-1.000000
762,763,228,-0.000244,-1.000000
764,765,225,-0.000244,-1.000000
766,767,228,-0.000244,-0.000000
768,769,225,-0.000244,-0.000000
770,771,228,-0.000244,-0.000000
772,773,222,-0.000244,-0.000000
774,775,227,-0.000244,-0.000000
776,777,227,-0.000244,-0.000000
778,779,229,-0.000244,-0.000000
780,781,225,-0.000244,-1.000000
782,783,220,-0.000244,-1.000000
784,785,228,-0.000244,-1.000000
786,787,223,-0.000244,-1.000000
788,789,224,-0.000244,-1.000000
790,791,228,-0.000244,-0.000000
792,793,225,-0.000244,-0.000000
794,795,220,-0.000244,-0.000000
796,797,223,-0.000244,-0.000000
798,799,224,-0.000244,-0.000000
800,801,221,-0.000244,-1.000000
802,803,223,-0.000244,-1.000000
804,805,221,-0.000244,-0.000000
806,807,223,-0.000244,-0.000000
808,809,226,-0.000244,-1.000000
810,811,221,-0.000244,-1.000000
812,813,226,-0.000244,-1.000000
814,815,221,-0.000488,-1.000000
816,817,220,-0.000244,-1.000000
818,819,226,-0.000244,-1.000000
820,821,221,-0.000488,-1.000000
822,823,220,-0.000244,-0.000000
824,825,226,-0.000244,-0.000000
826,827,226,-0.000244,-0.000000
828,829,226,-0.000488,-1.000000
830,831,221,-0.000244,-0.000000
832,833,221,-0.000488,-1.000000
834,835,221,-0.000244,-0.000000
836,837,227,-0.000244,-1.000000
838,839,223,-0.000244,-1.000000
840,841,228,-0.000244,-1.000000
842,843,227,-0.000244,-1.000000
844,845,226,-0.000244,-1.000000
846,847,223,-0.000244,-1.000000
848,849,224,-0.000488,-1.000000
850,851,223,-0.000244,-0.000000
852,853,223,-0.000244,-0.000000
854,855,227,-0.000244,-0.000000
856,857,228,-0.000244,-0.000000
858,859,226,-0.000244,-0.000000
860,861,227,-0.000488,-1.000000
862,863,224,-0.000244,-0.000000
864,865,226,-0.000244,-1.000000
866,867,225,-0.000244,-1.000000
868,869,220,-0.000244,-1.000000
870,871,228,-0.000244,-1.000000
872,873,221,-0.000244,-1.000000
874,875,223,-0.000244,-1.000000
876,877,220,-0.000244,-0.000000
878,879,221,-0.000244,-0.000000
880,881,228,-0.000244,-0.000000
882,883,226,-0.000244,-0.000000
884,885,223,-0.000244,-0.000000
886,887,225,-0.000244,-0.000000
888,889,227,-0.000244,-1.000000
890,891,226,-0.000244,-1.000000
892,893,228,-0.000244,-1.000000
894,895,225,-0.000244,-1.000000
896,897,225,-0.000244,-1.000000
898,899,226,-0.000244,-1.000000
900,901,226,-0.000244,-0.000000
902,903,226,-0.000244,-0.000000
904,905,225,-0.000244,-0.000000
906,907,228,-0.000244,-0.000000
908,909,227,-0.000244,-0.000000
910,911,225,-0.000244,-0.000000
912,913,227,-0.000244,-1.000000
914,915,227,-0.000244,-0.000000
916,917,227,-0.000244,-1.000000
918,919,220,-0.000244,-1.000000
920,921,228,-0.000244,-1.000000
922,923,223,-0.000244,-1.000000
924,925,228,-0.000244,-0.000000
926,927,227,-0.000244,-0.000000
928,929,223,-0.000244,-0.000000
930,931,220,-0.000244,-0.000000
932,933,221,-0.000244,-1.000000
934,935,229,-0.000244,-1.000000
936,937,229,-0.000244,-0.000000
938,939,221,-0.000244,-0.000000
940,941,229,-0.000244,-1.000000
942,943,229,-0.000244,-1.000000
944,945,227,-0.000244,-1.000000
946,947,227,-0.000488,-1.000000
948,949,224,-0.000244,-1.000000
950,951,224,-0.000244,-0.000000
952,953,229,-0.000244,-0.000000
954,955,227,-0.000488,-1.000000
956,957,229,-0.000244,-0.000000
958,959,227,-0.000244,-0.000000
960,961,223,-0.000244,-1.000000
962,963,223,-0.000244,-0.000000
964,965,228,-0.000244,-1.000000
966,967,221,-0.000244,-1.000000
968,969,228,-0.000488,-1.000000
970,971,223,-0.000244,-1.000000
972,973,227,-0.000244,-1.000000
974,975,224,-0.000244,-1.000000
976,977,222,-0.000244,-1.000000
978,979,221,-0.000244,-0.000000
980,981,223,-0.000244,-0.000000
982,983,224,-0.000244,-0.000000
984,985,222,-0.000244,-0.000000
986,987,227,-0.000244,-0.000000
988,989,228,-0.000488,-1.000000
990,991,228,-0.000244,-0.000000
992,993,221,-0.000244,-1.000000
994,995,225,-0.000244,-1.000000
996,997,227,-0.000244,-1.000000
998,999,223,-0.000244,-1.000000
1000,1001,221,-0.000244,-1.000000
1002,1003,228,-0.000244,-1.000000
1004,1005,220,-0.000244,-1.000000
1006,1007,228,-0.000244,-0.000000
1008,1009,223,-0.000244,-0.000000
1010,1011,220,-0.000244,-0.000000
1012,1013,221,-0.000244,-0.000000
1014,1015,221,-0.000244,-0.000000
1016,1017,227,-0.000244,-0.000000
1018,1019,225,-0.000244,-0.000000
1020,1021,222,-0.000244,-1.000000
1022,1023,229,-0.000244,-1.000000
1024,1025,220,-0.000244,-1.000000
1026,1027,221,-0.000244,-1.000000
1028,1029,224,-0.000244,-1.000000
1030,1031,224,-0.000244,-1.000000
1032,1033,225,-0.000244,-1.000000
1034,1035,222,-0.000244,-0.000000
1036,1037,221,-0.000244,-0.000000
1038,1039,229,-0.000244,-0.000000
1040,1041,220,-0.000244,-0.000000
1042,1043,225,-0.000244,-0.000000
1044,1045,224,-0.000244,-0.000000
1046,1047,224,-0.000244,-0.000000
1048,1049,222,-0.000244,-1.000000
1050,1051,226,-0.000244,-1.000000
1052,1053,227,-0.000244,-1.000000
1054,1055,223,-0.000244,-1.000000
1056,1057,227,-0.000244,-0.000000
1058,1059,226,-0.000244,-0.000000
1060,1061,222,-0.000244,-0.000000
1062,1063,223,-0.000244,-0.000000
1064,1065,225,-0.000244,-1.000000
1066,1067,221,-0.000244,-1.000000
1068,1069,226,-0.000244,-1.000000
1070,1071,226,-0.000244,-0.000000
1072,1073,221,-0.000244,-0.000000
1074,1075,225,-0.000244,-0.000000
1076,1077,222,-0.000244,-1.000000
1078,1079,223,-0.000244,-1.000000
1080,1081,229,-0.000244,-1.000000
1082,1083,225,-0.000244,-1.000000
1084,1085,229,-0.000244,-1.000000
1086,1087,228,-0.000244,-1.000000
1088,1089,227,-0.000244,-1.000000
1090,1091,228,-0.000244,-0.000000
1092,1093,227,-0.000244,-0.000000
1094,1095,225,-0.000244,-0.000000
1096,1097,222,-0.000244,-0.000000
1098,1099,223,-0.000244,-0.000000
1100,1101,229,-0.000244,-0.000000
1102,1103,229,-0.000244,-0.000000
1104,1105,227,-0.000244,-1.000000
1106,1107,226,-0.000244,-1.000000
1108,1109,222,-0.000244,-1.000000
1110,1111,226,-0.000244,-1.000000
1112,1113,221,-0.000244,-1.000000
1114,1115,225,-0.000244,-1.000000
1116,1117,225,-0.000244,-1.000000
1118,1119,221,-0.000244,-0.000000
1120,1121,226,-0.000244,-0.000000
1122,1123,226,-0.000244,-0.000000
1124,1125,227,-0.000244,-0.000000
1126,1127,225,-0.000244,-0.000000
1128,1129,222,-0.000244,-0.000000
1130,1131,225,-0.000244,-0.000000
1132,1133,220,-0.000244,-1.000000
1134,1135,223,-0.000244,-1.000000
1136,1137,227,-0.000244,-1.000000
1138,1139,223,-0.000244,-1.000000
1140,1141,220,-0.000244,-1.000000
1142,1143,220,-0.000244,-0.000000
1144,1145,220,-0.000244,-0.000000
1146,1147,227,-0.000244,-0.000000
1148,1149,223,-0.000244,-0.000000
1150,1151,223,-0.000244,-0.000000
1152,1153,225,-0.000244,-1.000000
1154,1155,225,-0.000244,-1.000000
1156,1157,225,-0.000244,-0.000000
1158,1159,225,-0.000244,-0.000000
1160,1161,221,-0.000244,-1.000000
1162,1163,225,-0.000244,-1.000000
1164,1165,220,-0.000244,-1.000000
1166,1167,225,-0.000244,-1.000000
1168,1169,225,-0.000244,-1.000000
1170,1171,227,-0.000244,-1.000000
1172,1173,221,-0.000244,-0.000000
1174,1175,220,-0.000244,-0.000000
1176,1177,225,-0.000244,-0.000000
1178,1179,227,-0.000244,-0.000000
1180,1181,225,-0.000244,-0.000000
1182,1183,225,-0.000244,-0.000000
1184,1185,228,-0.000244,-1.000000
1186,1187,229,-0.000244,-1.000000
1188,1189,221,-0.000244,-1.000000
1190,1191,221,-0.000244,-1.000000
1192,1193,222,-0.000244,-1.000000
1194,1195,222,-0.000488,-1.000000
1196,1197,221,-0.000244,-0.000000
1198,1199,229,-0.000244,-0.000000
1200,1201,221,-0.000244,-0.000000
1202,1203,228,-0.000244,-0.000000
1204,1205,222,-0.000488,-1.000000
1206,1207,222,-0.000244,-0.000000
1208,1209,229,-0.000244,-1.000000
1210,1211,227,-0.000244,-1.000000
1212,1213,225,-0.000244,-1.000000
1214,1215,228,-0.000244,-1.000000
1216,1217,225,-0.000244,-1.000000
1218,1219,228,-0.000244,-0.000000
1220,1221,225,-0.000244,-0.000000
1222,1223,229,-0.000244,-0.000000
1224,1225,225,-0.000244,-0.000000
1226,1227,227,-0.000244,-0.000000
1228,1229,228,-0.000244,-1.000000
1230,1231,228,-0.000244,-0.000000
1232,1233,222,-0.000244,-1.000000
1234,1235,220,-0.000244,-1.000000
1236,1237,224,-0.000244,-1.000000
1238,1239,220,-0.000244,-1.000000
1240,1241,229,-0.000244,-1.000000
1242,1243,228,-0.000244,-1.000000
1244,1245,220,-0.000244,-0.000000
1246,1247,220,-0.000244,-0.000000
1248,1249,228,-0.000244,-0.000000
1250,1251,222,-0.000244,-0.000000
1252,1253,224,-0.000244,-0.000000
1254,1255,229,-0.000244,-0.000000
1256,1257,226,-0.000244,-1.000000
1258,1259,222,-0.000244,-1.000000
1260,1261,227,-0.000244,-1.000000
1262,1263,222,-0.000244,-1.000000
1264,1265,222,-0.000244,-1.000000
1266,1267,226,-0.000244,-1.000000
1268,1269,223,-0.000244,-1.000000
1270,1271,222,-0.000244,-0.000000
1272,1273,226,-0.000244,-0.000000
1274,1275,227,-0.000244,-0.000000
1276,1277,222,-0.000244,-0.000000
1278,1279,226,-0.000244,-0.000000
1280,1281,223,-0.000244,-0.000000
1282,1283,222,-0.000244,-0.000000
1284,1285,225,-0.000244,-1.000000
1286,1287,229,-0.000244,-1.000000
1288,1289,221,-0.000244,-1.000000
1290,1291,227,-0.000244,-1.000000
1292,1293,221,-0.000244,-0.000000
1294,1295,229,-0.000244,-0.000000
1296,1297,225,-0.000244,-0.000000
1298,1299,227,-0.000244,-0.000000
1300,1301,223,-0.000244,-1.000000
1302,1303,222,-0.000244,-1.000000
1304,1305,229,-0.000244,-1.000000
1306,1307,229,-0.000244,-0.000000
1308,1309,222,-0.000244,-0.000000
1310,1311,223,-0.000244,-0.000000
1312,1313,229,-0.000244,-1.000000
1314,1315,223,-0.000244,-1.000000
1316,1317,228,-0.000244,-1.000000
1318,1319,229,-0.000244,-1.000000
1320,1321,224,-0.000244,-1.000000
1322,1323,228,-0.000244,-0.000000
1324,1325,229,-0.000244,-0.000000
1326,1327,223,-0.000244,-0.000000
1328,1329,229,-0.000244,-0.000000
1330,1331,224,-0.000244,-0.000000
1332,1333,221,-0.000244,-1.000000
1334,1335,229,-0.000244,-1.000000
1336,1337,221,-0.000244,-0.000000
1338,1339,229,-0.000244,-0.000000
1340,1341,221,-0.000244,-1.000000
1342,1343,220,-0.000244,-1.000000
1344,1345,220,-0.000244,-1.000000
1346,1347,227,-0.000244,-1.000000
1348,1349,220,-0.000244,-0.000000
1350,1351,221,-0.000244,-0.000000
1352,1353,220,-0.000244,-0.000000
1354,1355,227,-0.000244,-0.000000
1356,1357,223,-0.000244,-1.000000
1358,1359,222,-0.000244,-1.000000
1360,1361,226,-0.000244,-1.000000
1362,1363,223,-0.000244,-0.000000
1364,1365,222,-0.000244,-0.000000
1366,1367,226,-0.000244,-0.000000
1368,1369,225,-0.000244,-1.000000
1370,1371,225,-0.000244,-0.000000
1372,1373,224,-0.000244,-1.000000
1374,1375,226,-0.000244,-1.000000
1376,1377,225,-0.000244,-1.000000
1378,1379,223,-0.000244,-1.000000
1380,1381,223,-0.000244,-1.000000
1382,1383,224,-0.000244,-0.000000
1384,1385,223,-0.000244,-0.000000
1386,1387,225,-0.000244,-0.000000
1388,1389,226,-0.000244,-0.000000
1390,1391,223,-0.000244,-0.000000
1392,1393,220,-0.000244,-1.000000
1394,1395,220,-0.000244,-0.000000
1396,1397,227,-0.000244,-1.000000
1398,1399,224,-0.000244,-1.000000
1400,1401,229,-0.000244,-1.000000
1402,1403,227,-0.000488,-1.000000
1404,1405,225,-0.000244,-1.000000
1406,1407,224,-0.000244,-1.000000
1408,1409,227,-0.000488,-1.000000
1410,1411,224,-0.000244,-0.000000
1412,1413,224,-0.000244,-0.000000
1414,1415,227,-0.000488,-1.000000
1416,1417,229,-0.000244,-0.000000
1418,1419,225,-0.000244,-0.000000
1420,1421,228,-0.000244,-1.000000
1422,1423,225,-0.000244,-1.000000
1424,1425,223,-0.000244,-1.000000
1426,1427,220,-0.000244,-1.000000
1428,1429,222,-0.000244,-1.000000
1430,1431,227,-0.000244,-1.000000
1432,1433,223,-0.000244,-0.000000
1434,1435,228,-0.000244,-0.000000
1436,1437,225,-0.000244,-0.000000
1438,1439,227,-0.000244,-0.000000
1440,1441,222,-0.000244,-0.000000
1442,1443,220,-0.000244,-0.000000
1444,1445,224,-0.000244,-1.000000
1446,1447,224,-0.000244,-0.000000
1448,1449,227,-0.000244,-1.000000
1450,1451,221,-0.000244,-1.000000
1452,1453,220,-0.000244,-1.000000
1454,1455,225,-0.000244,-1.000000
1456,1457,227,-0.000244,-1.000000
1458,1459,220,-0.000244,-0.000000
1460,1461,227,-0.000244,-0.000000
1462,1463,225,-0.000244,-0.000000
1464,1465,221,-0.000244,-0.000000
1466,1467,227,-0.000244,-0.000000
1468,1469,227,-0.000244,-1.000000
1470,1471,222,-0.000244,-1.000000
1472,1473,227,-0.000244,-0.000000
1474,1475,222,-0.000244,-0.000000
1476,1477,225,-0.000244,-1.000000
1478,1479,225,-0.000488,-1.000000
1480,1481,229,-0.000244,-1.000000
1482,1483,229,-0.000244,-1.000000
1484,1485,224,-0.000244,-1.000000
1486,1487,224,-0.000244,-0.000000
1488,1489,229,-0.000244,-0.000000
1490,1491,229,-0.000244,-0.000000
1492,1493,225,-0.000488,-1.000000
1494,1495,225,-0.000244,-0.000000
1496,1497,225,-0.000244,-1.000000
1498,1499,225,-0.000244,-0.000000
1500,1501,221,-0.000244,-1.000000
1502,1503,225,-0.000244,-1.000000
1504,1505,224,-0.000244,-1.000000
1506,1507,225,-0.000244,-1.000000
1508,1509,220,-0.000244,-1.000000
1510,1511,225,-0.000244,-0.000000
1512,1513,224,-0.000244,-0.000000
1514,1515,225,-0.000244,-0.000000
1516,1517,221,-0.000244,-0.000000
1518,1519,220,-0.000244,-0.000000
1520,1521,220,-0.000244,-1.000000
1522,1523,224,-0.000244,-1.000000
1524,1525,223,-0.000244,-1.000000
1526,1527,228,-0.000244,-1.000000
1528,1529,225,-0.000244,-1.000000
1530,1531,221,-0.000244,-1.000000
1532,1533,225,-0.000244,-1.000000
1534,1535,221,-0.000244,-0.000000
1536,1537,228,-0.000244,-0.000000
1538,1539,225,-0.000244,-0.000000
1540,1541,220,-0.000244,-0.000000
1542,1543,225,-0.000244,-0.000000
1544,1545,223,-0.000244,-0.000000
1546,1547,224,-0.000244,-0.000000
1548,1549,229,-0.000244,-1.000000
1550,1551,229,-0.000488,-1.000000
1552,1553,222,-0.000244,-1.000000
1554,1555,227,-0.000244,-1.000000
1556,1557,228,-0.000244,-1.000000
1558,1559,222,-0.000244,-1.000000
1560,1561,221,-0.000244,-1.000000
1562,1563,222,-0.000244,-0.000000
1564,1565,227,-0.000244,-0.000000
1566,1567,221,-0.000244,-0.000000
1568,1569,229,-0.000488,-1.000000
1570,1571,228,-0.000244,-0.000000
1572,1573,222,-0.000244,-0.000000
1574,1575,229,-0.000244,-0.000000
1576,1577,224,-0.000244,-1.000000
1578,1579,221,-0.000244,-1.000000
1580,1581,222,-0.000244,-1.000000
1582,1583,224,-0.000488,-1.000000
1584,1585,221,-0.000244,-1.000000
1586,1587,222,-0.000244,-0.000000
1588,1589,221,-0.000244,-0.000000
1590,1591,224,-0.000244,-0.000000
1592,1593,224,-0.000488,-1.000000
1594,1595,221,-0.000244,-0.000000
1596,1597,223,-0.000244,-1.000000
1598,1599,222,-0.000244,-1.000000
1600,1601,223,-0.000244,-0.000000
1602,1603,222,-0.000244,-0.000000
1604,1605,222,-0.000244,-1.000000
1606,1607,229,-0.000244,-1.000000
1608,1609,223,-0.000244,-1.000000
1610,1611,221,-0.000244,-1.000000
1612,1613,220,-0.000244,-1.000000
1614,1615,229,-0.000244,-1.000000
1616,1617,228,-0.000244,-1.000000
1618,1619,229,-0.000244,-0.000000
1620,1621,228,-0.000244,-0.000000
1622,1623,221,-0.000244,-0.000000
1624,1625,222,-0.000244,-0.000000
1626,1627,229,-0.000244,-0.000000
1628,1629,223,-0.000244,-0.000000
1630,1631,220,-0.000244,-0.000000
1632,1633,222,-0.000244,-1.000000
1634,1635,226,-0.000244,-1.000000
1636,1637,226,-0.000244,-1.000000
1638,1639,222,-0.000244,-1.000000
1640,1641,225,-0.000244,-1.000000
1642,1643,225,-0.000244,-0.000000
1644,1645,222,-0.000244,-0.000000
1646,1647,226,-0.000244,-0.000000
1648,1649,226,-0.000244,-0.000000
1650,1651,222,-0.000244,-0.000000
1652,1653,227,-0.000244,-1.000000
1654,1655,227,-0.000244,-0.000000
1656,1657,220,-0.000244,-1.000000
1658,1659,222,-0.000244,-1.000000
1660,1661,226,-0.000244,-1.000000
1662,1663,221,-0.000244,-1.000000
1664,1665,226,-0.000244,-1.000000
1666,1667,224,-0.000244,-1.000000
1668,1669,226,-0.000244,-0.000000
1670,1671,220,-0.000244,-0.000000
1672,1673,226,-0.000244,-0.000000
1674,1675,224,-0.000244,-0.000000
1676,1677,221,-0.000244,-0.000000
1678,1679,222,-0.000244,-0.000000
1680,1681,223,-0.000244,-1.000000
1682,1683,223,-0.000244,-0.000000
1684,1685,221,-0.000244,-1.000000
1686,1687,221,-0.000244,-1.000000
1688,1689,223,-0.000244,-1.000000
1690,1691,224,-0.000244,-1.000000
1692,1693,227,-0.000244,-1.000000
1694,1695,222,-0.000244,-1.000000
1696,1697,221,-0.000244,-1.000000
1698,1699,227,-0.000244,-0.000000
1700,1701,221,-0.000244,-0.000000
1702,1703,223,-0.000244,-0.000000
1704,1705,221,-0.000244,-0.000000
1706,1707,222,-0.000244,-0.000000
1708,1709,224,-0.000244,-0.000000
1710,1711,221,-0.000244,-0.000000
1712,1713,224,-0.000244,-1.000000
1714,1715,223,-0.000244,-1.000000
1716,1717,226,-0.000244,-1.000000
1718,1719,222,-0.000244,-1.000000
1720,1721,222,-0.000244,-1.000000
1722,1723,227,-0.000244,-1.000000
1724,1725,223,-0.000488,-1.000000
1726,1727,222,-0.000244,-0.000000
1728,1729,227,-0.000244,-0.000000
1730,1731,224,-0.000244,-0.000000
1732,1733,226,-0.000244,-0.000000
1734,1735,222,-0.000244,-0.000000
1736,1737,223,-0.000488,-1.000000
1738,1739,223,-0.000244,-0.000000
1740,1741,220,-0.000244,-1.000000
1742,1743,222,-0.000244,-1.000000
1744,1745,224,-0.000244,-1.000000
1746,1747,228,-0.000244,-1.000000
1748,1749,222,-0.000244,-1.000000
1750,1751,223,-0.000244,-1.000000
1752,1753,224,-0.000244,-1.000000
1754,1755,222,-0.000244,-0.000000
1756,1757,228,-0.000244,-0.000000
1758,1759,223,-0.000244,-0.000000
1760,1761,220,-0.000244,-0.000000
1762,1763,224,-0.000244,-0.000000
1764,1765,224,-0.000244,-0.000000
1766,1767,222,-0.000244,-0.000000
1768,1769,227,-0.000244,-1.000000
1770,1771,221,-0.000244,-1.000000
1772,1773,222,-0.000244,-1.000000
1774,1775,224,-0.000244,-1.000000
1776,1777,222,-0.000244,-0.000000
1778,1779,221,-0.000244,-0.000000
1780,1781,227,-0.000244,-0.000000
1782,1783,224,-0.000244,-0.000000
1784,1785,223,-0.000244,-1.000000
1786,1787,225,-0.000244,-1.000000
1788,1789,224,-0.000244,-1.000000
1790,1791,224,-0.000244,-0.000000
1792,1793,225,-0.000244,-0.000000
1794,1795,223,-0.000244,-0.000000
1796,1797,228,-0.000244,-1.000000
1798,1799,221,-0.000244,-1.000000
1800,1801,221,-0.000244,-1.000000
1802,1803,224,-0.000488,-1.000000
1804,1805,220,-0.000244,-1.000000
1806,1807,229,-0.000244,-1.000000
1808,1809,229,-0.000244,-0.000000
1810,1811,221,-0.000488,-1.000000
1812,1813,220,-0.000244,-0.000000
1814,1815,224,-0.000244,-0.000000
1816,1817,228,-0.000244,-0.000000
1818,1819,221,-0.000244,-0.000000
1820,1821,221,-0.000244,-1.000000
1822,1823,226,-0.000244,-1.000000
1824,1825,221,-0.000244,-0.000000
1826,1827,226,-0.000244,-0.000000
1828,1829,228,-0.000244,-1.000000
1830,1831,222,-0.000244,-1.000000
1832,1833,222,-0.000244,-1.000000
1834,1835,222,-0.000244,-0.000000
1836,1837,222,-0.000244,-0.000000
1838,1839,228,-0.000244,-0.000000
1840,1841,220,-0.000244,-1.000000
1842,1843,227,-0.000244,-1.000000
1844,1845,220,-0.000244,-0.000000
1846,1847,227,-0.000244,-0.000000
1848,1849,229,-0.000244,-1.000000
1850,1851,228,-0.000244,-1.000000
1852,1853,228,-0.000244,-1.000000
1854,1855,228,-0.000244,-0.000000
1856,1857,228,-0.000244,-0.000000
1858,1859,229,-0.000244,-0.000000
1860,1861,222,-0.000244,-1.000000
1862,1863,222,-0.000244,-0.000000
1864,1865,229,-0.000244,-1.000000
1866,1867,229,-0.000244,-1.000000
1868,1869,228,-0.000244,-1.000000
1870,1871,223,-0.000244,-1.000000
1872,1873,223,-0.000244,-1.000000
1874,1875,224,-0.000244,-1.000000
1876,1877,229,-0.000488,-1.000000
1878,1879,223,-0.000244,-0.000000
1880,1881,224,-0.000244,-0.000000
1882,1883,228,-0.000244,-0.000000
1884,1885,223,-0.000244,-0.000000
1886,1887,229,-0.000244,-0.000000
1888,1889,229,-0.000488,-1.000000
1890,1891,229,-0.000244,-0.000000
